nama_product,foto_product,harga_product,diskon_product,rating_product,review_product,description
FAME - Jean Dress Satin Fit & Flare - 9511012,https://images.tokopedia.net/img/cache/300-square/hDjmkQ/2024/6/20/50244b0c-6489-41d9-8bc8-7fc17ea56605.jpg,Rp519.900,25,0,0,"- Material : Satin Kombinasi Brukat
- Regular fit
- Warna : Creme
- Zipper Belakang
- Tidak Mudah Kusut
Detail Size (Lingkar Dada x Panjang Lengan x Panjang Baju):
S : 88 cm x 14 cm x 85 cm
M : 92 cm x 15 cm x 86 cm
L : 96 cm x 15 cm x 87 cm
XL : 100 cm x 16 cm x 88 cm
XXL : 104 cm x 16 cm x 89 cm
PETUNJUK PERAWATAN:
- Air hangat dibawah 30°C
- Cuci dengan Mesin
- Jangan pakai pemutih
- Pengeringan digantung
- Seterika hangat
NOTE PENTING:
- Detail ukuran dengan toleransi +- 1 - 3cm
- Akurasi cahaya pada foto sampai dengan 90%
- Hanya melayani penukaran jika barang tidak sesuai pesanan/cacat
- Wajib menyertakan bukti video unboxing tanpa terputus, dan menunjukan semua sisi paket
- Batas retur 1x24 jam setelah barang diterima
- Kemasan & label pengiriman masih utuh dan disertakan saat pengembalian
- Produk yg diretur harus dalam keadaan BARU, tidak pernah dipakai/dicuci"
FAME - Melody Blouse Floral Print - 9221579,https://images.tokopedia.net/img/cache/300-square/VqbcmM/2024/6/20/709b4684-b59e-4740-a5b5-67a4cdd110fc.jpg,Rp294.900,24,0,0,"- Material : PolyCotton (Adem,Ringan & Tidak Menerawang)
- Regular fit
- Warna : White
- Printing Floral
Detail Size (Lingkar Dada x Panjang Lengan x Panjang Baju):
M : 96 cm x 20 cm x 58 cm
L : 102 cm x 22 cm x 59 cm
XL : 108 cm x 23 cm x 60 cm
PETUNJUK PERAWATAN:
- Air hangat dibawah 30°C
- Cuci dengan Mesin
- Jangan pakai pemutih
- Pengeringan digantung
- Seterika hangat
NOTE PENTING:
- Detail ukuran dengan toleransi +- 1 - 3cm
- Akurasi cahaya pada foto sampai dengan 90%
- Hanya melayani penukaran jika barang tidak sesuai pesanan/cacat
- Wajib menyertakan bukti video unboxing tanpa terputus, dan menunjukan semua sisi paket
- Batas retur 1x24 jam setelah barang diterima
- Kemasan & label pengiriman masih utuh dan disertakan saat pengembalian
- Produk yg diretur harus dalam keadaan BARU, tidak pernah dipakai/dicuci"
FAME - Kimi Kemeja Basic Putih - 9211789,https://images.tokopedia.net/img/cache/300-square/hDjmkQ/2024/6/14/d9c270ba-f80c-4fc9-9de4-fdb98d634ff8.jpg,Rp299.900,25,0,0,"- Material : Pollycotton (Adem,Ringan & Tidak Menerawang)
- Regular Fit
- Warna : White
- Kancing Aktif ( Busui Friendly )
- Wudhu Friendly
Detail Size (Lingkar Dada x Panjang Lengan x Panjang Baju):
S : 92 cm x 57 cm x 63 cm
M : 98 cm x 57 cm x 64 cm
L : 104 cm x 58 cm x 66 cm
XL : 110 cm x 58 cm x 67 cm
XXL : 116 cm x 58 cm x 68 cm
PETUNJUK PERAWATAN:
- Air hangat dibawah 30°C
- Cuci dengan Mesin
- Jangan pakai pemutih
- Pengeringan digantung
- Seterika hangat
NOTE PENTING:
- Detail ukuran dengan toleransi +- 1 - 3cm
- Akurasi cahaya pada foto sampai dengan 90%
- Hanya melayani penukaran jika barang tidak sesuai pesanan/cacat
- Wajib menyertakan bukti video unboxing tanpa terputus, dan menunjukan semua sisi paket
- Batas retur 1x24 jam setelah barang diterima
- Kemasan & label pengiriman masih utuh dan disertakan saat pengembalian
- Produk yg diretur harus dalam keadaan BARU, tidak pernah dipakai/dicuci"
FAME - Yuri Linen Blouse Polos - 9211849/9211850/9211851,https://images.tokopedia.net/img/cache/300-square/hDjmkQ/2024/6/14/c5f70d82-ae23-4906-a2ab-1e616a75f114.jpg,Rp339.900,24,0,0,"- Material : Linen Crinkle (Adem,Ringan & Tidak Menerawang)
- Regular fit
- Warna : Broken White, Black, Dusty Pink
- Kancing Aktif ( Busui Friendly )
- Bagian Belakang Lebih Panjang
Detail Size (Lingkar Dada x Panjang Lengan x Panjang Baju):
S : 94 cm x 40 cm x 71 cm
M : 100 cm x 41 cm x 72 cm
L : 106 cm x 42 cm x 73 cm
XL : 112 cm x 43 cm x 74 cm
PETUNJUK PERAWATAN:
- Air hangat dibawah 30°C
- Cuci dengan Mesin
- Jangan pakai pemutih
- Pengeringan digantung
- Seterika hangat
NOTE PENTING:
- Detail ukuran dengan toleransi +- 1 - 3cm
- Akurasi cahaya pada foto sampai dengan 90%
- Hanya melayani penukaran jika barang tidak sesuai pesanan/cacat
- Wajib menyertakan bukti video unboxing tanpa terputus, dan menunjukan semua sisi paket
- Batas retur 1x24 jam setelah barang diterima
- Kemasan & label pengiriman masih utuh dan disertakan saat pengembalian
- Produk yg diretur harus dalam keadaan BARU, tidak pernah dipakai/dicuci"
FAME - Lily Ruffle Blouse Polos - 9211824-9211825,https://images.tokopedia.net/img/cache/300-square/hDjmkQ/2024/4/29/c1ebeaf1-0a87-47e4-8798-b4ec32b492f4.jpg,Rp279.900,30,0,0,"- Material : Linen (Adem,Ringan & Tidak Menerawang)
- Regular fit
- Warna : Broken White & Coklat Taupe
- Kancing Aktif ( Busui Friendly )
- Wudhu Friendly
- Detail Ruffle di Dada
Detail Size (Lingkar Dada x Panjang Lengan x Panjang Baju):
S : 92 cm x 57 cm x 66 cm
M : 98 cm x 57 cm x 67 cm
L : 104 cm x 58 cm x 68 cm
XL : 110 cm x 58 cm x 69 cm
XXL : 118 cm x 58 cm x 70 cm
PETUNJUK PERAWATAN:
- Air hangat dibawah 30°C
- Cuci dengan Mesin
- Jangan pakai pemutih
- Pengeringan digantung
- Seterika hangat
NOTE PENTING:
- Detail ukuran dengan toleransi +- 1 - 3cm
- Akurasi cahaya pada foto sampai dengan 90%
- Hanya melayani penukaran jika barang tidak sesuai pesanan/cacat
- Wajib menyertakan bukti video unboxing tanpa terputus, dan menunjukan semua sisi paket
- Batas retur 1x24 jam setelah barang diterima
- Kemasan & label pengiriman masih utuh dan disertakan saat pengembalian
- Produk yg diretur harus dalam keadaan BARU, tidak pernah dipakai/dicuci
#blousewanita #blouse #bluswanita #bluswanitaterbaru #blus #kemejawanita #kemeja #blouselenganpanjang #kemejalenganpanjang"
FAME - Lucy Atasan Kemeja Basic Polos - 9211822-9211823,https://images.tokopedia.net/img/cache/300-square/hDjmkQ/2024/4/29/4dea2f34-1bb2-4ab8-91e9-a61174aaaf11.jpg,Rp279.900,30,0,0,"- Material : Pollycotton (Adem,Ringan & Tidak Menerawang)
- Regular Fit
- Warna : Putih & Terracotta
- Kancing Aktif ( Busui Friendly )
- Wudhu Friendly
Detail Size (Lingkar Dada x Panjang Lengan x Panjang Baju):
S : 92 cm x 57 cm x 63 cm
M : 98 cm x 57 cm x 64 cm
L : 104 cm x 58 cm x 66 cm
XL : 110 cm x 58 cm x 67 cm
XXL : 116 cm x 58 cm x 68 cm
PETUNJUK PERAWATAN:
- Air hangat dibawah 30°C
- Cuci dengan Mesin
- Jangan pakai pemutih
- Pengeringan digantung
- Seterika hangat
NOTE PENTING:
- Detail ukuran dengan toleransi +- 1 - 3cm
- Akurasi cahaya pada foto sampai dengan 90%
- Hanya melayani penukaran jika barang tidak sesuai pesanan/cacat
- Wajib menyertakan bukti video unboxing tanpa terputus, dan menunjukan semua sisi paket
- Batas retur 1x24 jam setelah barang diterima
- Kemasan & label pengiriman masih utuh dan disertakan saat pengembalian
- Produk yg diretur harus dalam keadaan BARU, tidak pernah dipakai/dicuci
#blousewanita #blouse #bluswanita #bluswanitaterbaru #blus #kemejawanita #kemeja #blouselenganpanjang #kemejalenganpanjang"
FAME - Ailsie Atasan Tanktop Polos Maroon - 9221577,https://images.tokopedia.net/img/cache/300-square/hDjmkQ/2024/4/27/b995275c-9657-4f80-a69b-0f7af3f3e904.jpg,Rp189.900,30,0,0,"- Material : Polycrinkle (Adem,Ringan & Tidak Menerawang)
- Regular fit
- Warna : Maroon
- Kancing Aktif ( Busui Friendly )
Detail Size (Lingkar Dada x Panjang Baju):
XS : 90 cm x 58 cm
S : 96 cm x 59 cm
M : 102 cm x 60 cm
L : 108 cm x 61 cm
PETUNJUK PERAWATAN:
- Air hangat dibawah 30°C
- Cuci dengan Mesin
- Jangan pakai pemutih
- Pengeringan digantung
- Seterika hangat
NOTE PENTING:
- Detail ukuran dengan toleransi +- 1 - 3cm
- Akurasi cahaya pada foto sampai dengan 90%
- Hanya melayani penukaran jika barang tidak sesuai pesanan/cacat
- Wajib menyertakan bukti video unboxing tanpa terputus, dan menunjukan semua sisi paket
- Batas retur 1x24 jam setelah barang diterima
- Kemasan & label pengiriman masih utuh dan disertakan saat pengembalian
- Produk yg diretur harus dalam keadaan BARU, tidak pernah dipakai/dicuci
#blousewanita #blouse #bluswanita #bluswanitaterbaru #blus #kemejawanita #kemeja #blouselenganpanjang #kemejalenganpanjang"
FAME - Mandy Atasan Kemeja Floral Print - 9211820,https://images.tokopedia.net/img/cache/300-square/hDjmkQ/2024/4/27/8ec67c2d-7cc3-452b-a8f8-60ce2c327c41.jpg,Rp299.900,32,0,0,"- Material : Katun Rayon (Adem,Ringan & Tidak Menerawang)
- Regular fit
- Warna : White ( Multicolor )
- Kancing Aktif ( Busui Friendly )
- Wudhu Friendly
Detail Size (Lingkar Dada x Panjang Lengan x Panjang Baju):
M : 106 cm x 57 cm x 64 cm
L : 112 cm x 58 cm x 65 cm
XL : 118 cm x 58 cm x 66 cm
XXL : 124 cm x 59 cm x 67 cm
PETUNJUK PERAWATAN:
- Air hangat dibawah 30°C
- Cuci dengan Mesin
- Jangan pakai pemutih
- Pengeringan digantung
- Seterika hangat
NOTE PENTING:
- Detail ukuran dengan toleransi +- 1 - 3cm
- Akurasi cahaya pada foto sampai dengan 90%
- Hanya melayani penukaran jika barang tidak sesuai pesanan/cacat
- Wajib menyertakan bukti video unboxing tanpa terputus, dan menunjukan semua sisi paket
- Batas retur 1x24 jam setelah barang diterima
- Kemasan & label pengiriman masih utuh dan disertakan saat pengembalian
- Produk yg diretur harus dalam keadaan BARU, tidak pernah dipakai/dicuci
#blousewanita #blouse #bluswanita #bluswanitaterbaru #blus #kemejawanita #kemeja #blouselenganpanjang #kemejalenganpanjang"
FAME - Nora Atasan Kemeja Floral Print - 9211817,https://images.tokopedia.net/img/cache/300-square/hDjmkQ/2024/4/27/caea413a-f447-437d-a103-52ca8a3a583c.jpg,Rp319.900,30,0,0,"- Material : Katun Rayon (Adem,Ringan & Tidak Menerawang)
- Regular fit
- Warna : Multicolor
- Kancing Aktif ( Busui Friendly )
- Wudhu Friendly
- Include Tali pinggang
Detail Size (Lingkar Dada x Panjang Lengan x Panjang Baju):
M : 100 cm x 56 cm x 75 cm
L : 106 cm x 58 cm x 76 cm
XL : 112 cm x 58 cm x 78 cm
PETUNJUK PERAWATAN:
- Air hangat dibawah 30°C
- Cuci dengan Mesin
- Jangan pakai pemutih
- Pengeringan digantung
- Seterika hangat
NOTE PENTING:
- Detail ukuran dengan toleransi +- 1 - 3cm
- Akurasi cahaya pada foto sampai dengan 90%
- Hanya melayani penukaran jika barang tidak sesuai pesanan/cacat
- Wajib menyertakan bukti video unboxing tanpa terputus, dan menunjukan semua sisi paket
- Batas retur 1x24 jam setelah barang diterima
- Kemasan & label pengiriman masih utuh dan disertakan saat pengembalian
- Produk yg diretur harus dalam keadaan BARU, tidak pernah dipakai/dicuci
#blousewanita #blouse #bluswanita #bluswanitaterbaru #blus #kemejawanita #kemeja #blouselenganpanjang #kemejalenganpanjang"
FAME - Kate Blouse Crop Top Floral Print - 9221578,https://images.tokopedia.net/img/cache/300-square/hDjmkQ/2024/4/27/78b0e97a-1fe1-4e79-9810-66e323bf423c.jpg,Rp269.900,31,0,0,"- Material : Katun Rayon (Adem,Ringan & Tidak Menerawang)
- Regular fit
- Warna : White ( Multicolor )
- Kancing Aktif ( Busui Friendly )
- Saku Depan
Detail Size (Lingkar Dada x Panjang Lengan x Panjang Baju):
S : 92 cm x 20 cm x 47 cm
M : 98 cm x 20 cm x 48 cm
L : 104 cm x 21 cm x 50 cm
XL : 110 cm x 21 cm x 51 cm
PETUNJUK PERAWATAN:
- Air hangat dibawah 30°C
- Cuci dengan Mesin
- Jangan pakai pemutih
- Pengeringan digantung
- Setrika hangat
NOTE PENTING:
- Detail ukuran dengan toleransi +- 1 - 3cm
- Akurasi cahaya pada foto sampai dengan 90%
- Hanya melayani penukaran jika barang tidak sesuai pesanan/cacat
- Wajib menyertakan bukti video unboxing tanpa terputus, dan menunjukan semua sisi paket
- Batas retur 1x24 jam setelah barang diterima
- Kemasan & label pengiriman masih utuh dan disertakan saat pengembalian
- Produk yg diretur harus dalam keadaan BARU, tidak pernah dipakai/dicuci
#blousewanita #blouse #bluswanita #bluswanitaterbaru #blus #kemejawanita #kemeja #blouselenganpanjang #kemejalenganpanjang #croptop"
FAME - Elea Atasan TankTop Stripe - 9221576,https://images.tokopedia.net/img/cache/300-square/hDjmkQ/2024/4/3/eb2f875b-a78f-4a04-9b0c-79a7b6a335f6.jpg,Rp209.900,28,0,0,"- Material : Polyester Print (Adem & Ringan )
- Regular fit
- Warna : Black & White
- Kancing Depan ( Busui Friendly )
Detail Size (Lingkar Dada x Panjang Baju):
S : 90 cm x 56 cm
M : 96 cm x 57 cm
L : 102 cm x 58 cm
XL : 108 cm x 59 cm
PETUNJUK PERAWATAN:
- Air hangat dibawah 30°C
- Cuci dengan Mesin
- Jangan pakai pemutih
- Pengeringan digantung
- Setrika hangat
NOTE PENTING:
- Detail ukuran dengan toleransi +- 1 - 3cm
- Akurasi cahaya pada foto sampai dengan 90%
- Hanya melayani penukaran jika barang tidak sesuai pesanan/cacat
- Wajib menyertakan bukti video unboxing tanpa terputus, dan menunjukan semua sisi paket
- Batas retur 1x24 jam setelah barang diterima
- Kemasan & label pengiriman masih utuh dan disertakan saat pengembalian
- Produk yg diretur harus dalam keadaan BARU, tidak pernah dipakai/dicuci"
FAME - Kei Kemeja Lengan Pendek Basic Polos - 9221571,https://images.tokopedia.net/img/cache/300-square/hDjmkQ/2024/4/3/caf12c6c-af8f-4bcc-ac86-5f99aca417c4.jpg,Rp299.900,19,0,0,"- Material : Polycotton (Adem, Ringan, Tidak Terawang )
- Regular fit
- Warna : Burly Wood
- Busui Friendly ( Kancing Depan )
Detail Size (Lingkar Dada x Panjang Lengan x Panjang Baju):
S : 92 cm x 18 cm x 61 cm
M : 98 cm x 19 cm x 62 cm
L : 104 cm x 20 cm x 64 cm
XL : 110 cm x 21 cm x 65 cm
XXL : 116 cm x 22 cm x 66 cm
PETUNJUK PERAWATAN:
- Air hangat dibawah 30°C
- Cuci dengan Mesin
- Jangan pakai pemutih
- Pengeringan digantung
- Seterika hangat
NOTE PENTING:
- Detail ukuran dengan toleransi +- 1 - 3cm
- Akurasi cahaya pada foto sampai dengan 90%
- Hanya melayani penukaran jika barang tidak sesuai pesanan/cacat
- Wajib menyertakan bukti video unboxing tanpa terputus, dan menunjukan semua sisi paket
- Batas retur 1x24 jam setelah barang diterima
- Kemasan & label pengiriman masih utuh dan disertakan saat pengembalian
- Produk yg diretur harus dalam keadaan BARU, tidak pernah dipakai/dicuci"
FAME - Celest Atasan Kemeja Stripe - 9211816,https://images.tokopedia.net/img/cache/300-square/hDjmkQ/2024/4/3/fce4f573-290b-453a-a947-0d83041613a5.jpg,Rp299.900,23,0,0,"- Material : Polyester Print (Adem, Ringan, Tidak Terawang )
- Regular fit
- Warna : Black & White
- Busui Friendly ( Kancing Depan )
- Wudhu Friendly
Detail Size (Lingkar Dada x Panjang Lengan x Panjang Baju):
M : 98 cm x 56 cm x 66 cm
L : 104 cm x 56 cm x 67 cm
XL : 110 cm x 57 cm x 68 cm
XXL : 116 cm x 57 cm x 69 cm
PETUNJUK PERAWATAN:
- Air hangat dibawah 30°C
- Cuci dengan Mesin
- Jangan pakai pemutih
- Pengeringan digantung
- Seterika hangat
NOTE PENTING:
- Detail ukuran dengan toleransi +- 1 - 3cm
- Akurasi cahaya pada foto sampai dengan 90%
- Hanya melayani penukaran jika barang tidak sesuai pesanan/cacat
- Wajib menyertakan bukti video unboxing tanpa terputus, dan menunjukan semua sisi paket
- Batas retur 1x24 jam setelah barang diterima
- Kemasan & label pengiriman masih utuh dan disertakan saat pengembalian
- Produk yg diretur harus dalam keadaan BARU, tidak pernah dipakai/dicuci"
FAME - Helen Linen Blouse Polos - 9211813-15,https://images.tokopedia.net/img/cache/300-square/hDjmkQ/2024/4/3/da87a4f5-2b25-4148-adfa-8497bc49e07e.jpg,Rp299.900,25,0,0,"- Material : Linen (Adem, Ringan, Tidak Terawang )
- Regular fit
- Warna : Maroon & White
- Busui Friendly ( Kancing Depan )
- Wudhu Friendly
Detail Size (Lingkar Dada x Panjang Lengan x Panjang Baju):
S : 89 cm x 54 cm x 67 cm
M : 95 cm x 54 cm x 68 cm
L : 101 cm x 55 cm x 69 cm
XL : 107 cm x 55 cm x 70 cm
PETUNJUK PERAWATAN:
- Air hangat dibawah 30°C
- Cuci dengan Mesin
- Jangan pakai pemutih
- Pengeringan digantung
- Seterika hangat
NOTE PENTING:
- Detail ukuran dengan toleransi +- 1 - 3cm
- Akurasi cahaya pada foto sampai dengan 90%
- Hanya melayani penukaran jika barang tidak sesuai pesanan/cacat
- Wajib menyertakan bukti video unboxing tanpa terputus, dan menunjukan semua sisi paket
- Batas retur 1x24 jam setelah barang diterima
- Kemasan & label pengiriman masih utuh dan disertakan saat pengembalian
- Produk yg diretur harus dalam keadaan BARU, tidak pernah dipakai/dicuci"
FAME - Jasmine Maxi Dress Gamis Casual Terbaru - 9911202,https://images.tokopedia.net/img/cache/300-square/hDjmkQ/2024/3/4/a0d794c6-967a-4fed-a969-6d006de6ffc1.jpg,Rp749.900,31,0,0,"- Material : Crinkle (Adem,Ringan & Tidak Menerawang)
- Regular fit
- Warna : Multicolor (Putih, Biru, Pink)
- Zipper Belakang
- Lengan Karet : Wudhu Friendly
- Tali Pinggang
Detail Size (Lingkar Dada x Panjang Lengan x Panjang Baju):
M : 96 cm x 58 cm x 137 cm
L : 102 cm x 58 cm x 137 cm
XL : 108 cm x 58 cm x 138 cm
PETUNJUK PERAWATAN:
- Air hangat dibawah 30°C
- Cuci dengan tangan
- Jangan pakai pemutih
- Jangan diperas
- Pengeringan digantung
- Seterika hangat
NOTE PENTING:
- Detail ukuran dengan toleransi +- 1 - 3cm
- Akurasi cahaya pada foto sampai dengan 90%
- Hanya melayani penukaran jika barang tidak sesuai pesanan/cacat
- Wajib menyertakan bukti video unboxing tanpa terputus, dan menunjukan semua sisi paket
- Batas retur 1x24 jam setelah barang diterima
- Kemasan & label pengiriman masih utuh dan disertakan saat pengembalian
- Produk yg diretur harus dalam keadaan BARU, tidak pernah dipakai/dicuci"
FAME - Samdal Outer / Vest Terbaru - 9221575,https://images.tokopedia.net/img/cache/300-square/hDjmkQ/2024/3/4/c096243a-480b-4ae0-a52b-c1978cf35632.jpg,Rp349.900,27,0,0,"- Material : Polyester (Adem,Ringan & Tidak Menerawang)
- Regular fit
- Warna : Grey
- Saku Depan Kanan Kiri
Detail Size (Lingkar Dada x Panjang Baju):
M : 98 cm x 84 cm
L : 104 cm x 85 cm
XL : 110 cm x 86 cm
PETUNJUK PERAWATAN:
- Air hangat dibawah 30°C
- Cuci dengan Mesin
- Jangan pakai pemutih
- Pengeringan digantung
- Seterika hangat
NOTE PENTING:
- Detail ukuran dengan toleransi +- 1 - 3cm
- Akurasi cahaya pada foto sampai dengan 90%
- Hanya melayani penukaran jika barang tidak sesuai pesanan/cacat
- Wajib menyertakan bukti video unboxing tanpa terputus, dan menunjukan semua sisi paket
- Batas retur 1x24 jam setelah barang diterima
- Kemasan & label pengiriman masih utuh dan disertakan saat pengembalian
- Produk yg diretur harus dalam keadaan BARU, tidak pernah dipakai/dicuci"
FAME - Samdal Outer / Vest Terbaru - 9221574,https://images.tokopedia.net/img/cache/300-square/hDjmkQ/2024/3/4/7f8b2a66-cd97-4528-82b9-4a1c954d9bb0.jpg,Rp349.900,27,0,0,"- Material : Polyester (Adem,Ringan & Tidak Menerawang)
- Regular fit
- Warna : Black
- Saku Depan Kanan Kiri
Detail Size (Lingkar Dada x Panjang Baju):
M : 98 cm x 84 cm
L : 104 cm x 85 cm
XL : 110 cm x 86 cm
PETUNJUK PERAWATAN:
- Air hangat dibawah 30°C
- Cuci dengan Mesin
- Jangan pakai pemutih
- Pengeringan digantung
- Seterika hangat
NOTE PENTING:
- Detail ukuran dengan toleransi +- 1 - 3cm
- Akurasi cahaya pada foto sampai dengan 90%
- Hanya melayani penukaran jika barang tidak sesuai pesanan/cacat
- Wajib menyertakan bukti video unboxing tanpa terputus, dan menunjukan semua sisi paket
- Batas retur 1x24 jam setelah barang diterima
- Kemasan & label pengiriman masih utuh dan disertakan saat pengembalian
- Produk yg diretur harus dalam keadaan BARU, tidak pernah dipakai/dicuci
#gamis #bajumuslim #bajumuslimwanita #bajulebaran #muslimwear #busanamuslim #fame #dressmuslim #modelterbaru #outer #vest #gamisterbaru2024lebaranwanita #pakaianmuslim #gamislebaran2024modelgamisterbaru"
FAME - Cleo Midi Dress Katun Terbaru - 9520021,https://images.tokopedia.net/img/cache/300-square/hDjmkQ/2024/3/4/ac92f6bc-19de-461f-90f4-a31ffa5352cb.jpg,Rp479.900,26,0,0,"- Material : Katun Rayon (Adem,Ringan & Tidak Menerawang)
- Regular fit
- Warna : Cream
- Kancing Depan Aktif : Busui Friendly
- Tali Pinggang
- Saku Depan Kanan Kiri
Detail Size (Lingkar Dada x Panjang Lengan x Panjang Baju):
S : 92 cm x 56 cm x 111 cm
M : 98 cm x 56 cm x 112 cm
L : 106 cm x 57 cm x 113 cm
XL : 112 cm x 57 cm x 114 cm
PETUNJUK PERAWATAN:
- Air hangat dibawah 30°C
- Cuci dengan Mesin
- Jangan pakai pemutih
- Pengeringan digantung
- Seterika hangat  NOTE PENTING:
- Detail ukuran dengan toleransi +- 1 - 3cm
- Akurasi cahaya pada foto sampai dengan 90%
- Hanya melayani penukaran jika barang tidak sesuai pesanan/cacat
- Wajib menyertakan bukti video unboxing tanpa terputus, dan menunjukan semua sisi paket
- Batas retur 1x24 jam setelah barang diterima
- Kemasan & label pengiriman masih utuh dan disertakan saat pengembalian
- Produk yg diretur harus dalam keadaan BARU, tidak pernah dipakai/dicuci"
FAME - Cassie Midi Dress Katun Terbaru - 9520022,https://images.tokopedia.net/img/cache/300-square/hDjmkQ/2024/3/4/342a9479-50a5-49e8-8280-9361e5cef93a.jpg,Rp479.900,26,0,0,"- Material : Katun Rayon (Adem,Ringan & Tidak Menerawang)
- Regular fit - Warna : Multicolor
- Kancing Depan Aktif : Busui Friendly
- Tali Pinggang
- Saku Depan Kanan Kiri
Detail Size (Lingkar Dada x Panjang Lengan x Panjang Baju):
S : 92 cm x 56 cm x 111 cm
M : 98 cm x 56 cm x 112 cm
L : 106 cm x 57 cm x 113 cm
XL : 112 cm x 57 cm x 114 cm
PETUNJUK PERAWATAN:
- Air hangat dibawah 30°C
- Cuci dengan Mesin
- Jangan pakai pemutih
- Pengeringan digantung
- Seterika hangat
NOTE PENTING:
- Detail ukuran dengan toleransi +- 1 - 3cm
- Akurasi cahaya pada foto sampai dengan 90%
- Hanya melayani penukaran jika barang tidak sesuai pesanan/cacat
- Wajib menyertakan bukti video unboxing tanpa terputus, dan menunjukan semua sisi paket
- Batas retur 1x24 jam setelah barang diterima
- Kemasan & label pengiriman masih utuh dan disertakan saat pengembalian
- Produk yg diretur harus dalam keadaan BARU, tidak pernah dipakai/dicuci"
FAME - Ailee Midi Dress Polos Terbaru - 95110,https://images.tokopedia.net/img/cache/300-square/hDjmkQ/2024/3/4/16157498-8d38-441c-9977-d940ae38889f.jpg,Rp449.900,25,0,0,"- Material : Polycrinkle (Adem,Ringan & Tidak Menerawang)
- Regular fit - Warna : White
- Zipper Belakang
- Tali Pinggang
Detail Size (Lingkar Dada x Panjang Lengan x Panjang Baju):
M : 96 cm x 29 cm x 121 cm
L : 102 cm x 30 cm x 121 cm
XL : 108 cm x 31 cm x 121 cm
PETUNJUK PERAWATAN:
- Air hangat dibawah 30°C
- Cuci dengan Mesin
- Jangan pakai pemutih
- Pengeringan digantung
- Seterika hangat
NOTE PENTING:
- Detail ukuran dengan toleransi +- 1 - 3cm
- Akurasi cahaya pada foto sampai dengan 90%
- Hanya melayani penukaran jika barang tidak sesuai pesanan/cacat
- Wajib menyertakan bukti video unboxing tanpa terputus, dan menunjukan semua sisi paket
- Batas retur 1x24 jam setelah barang diterima
- Kemasan & label pengiriman masih utuh dan disertakan saat pengembalian
- Produk yg diretur harus dalam keadaan BARU, tidak pernah dipakai/dicuci"
FAME - Selma Tunik Crinkle Terbaru - 9911827,https://images.tokopedia.net/img/cache/300-square/hDjmkQ/2024/2/28/ef531dd9-de6f-41e4-a745-4b20a5651e21.jpg,Rp499.900,28,0,0,"- Material : PolyCrinkle (Adem,Ringan & Tidak Menerawang)
- Regular fit - Warna : Multicolor ( Putih, Hijau, Pink )
- Kancing Depan ( Busui Friendly )
- Lengan Karet : Wudhu Friendly
- Tali Pinggang
Detail Size (Lingkar Dada x Panjang Lengan x Panjang Baju):
M : 98 cm x 58 cm x 97 cm
L : 104 cm x 58 cm x 98 cm
XL : 110 cm x 58 cm x 99 cm
PETUNJUK PERAWATAN:
- Air hangat dibawah 30°C
- Cuci dengan tangan
- Jangan pakai pemutih
- Jangan diperas
- Pengeringan digantung
- Seterika hangat
NOTE PENTING:
- Detail ukuran dengan toleransi +- 1 - 3cm
- Akurasi cahaya pada foto sampai dengan 90%
- Hanya melayani penukaran jika barang tidak sesuai pesanan/cacat
- Wajib menyertakan bukti video unboxing tanpa terputus, dan menunjukan semua sisi paket
- Batas retur 1x24 jam setelah barang diterima
- Kemasan & label pengiriman masih utuh dan disertakan saat pengembalian
- Produk yg diretur harus dalam keadaan BARU, tidak pernah dipakai/dicuci"
FAME - Selma Tunik Crinkle Terbaru - 9911828,https://images.tokopedia.net/img/cache/300-square/hDjmkQ/2024/2/28/d4a8a905-0aa4-4b24-8b9d-f57fd3a29a98.jpg,Rp499.900,28,0,0,"- Material : PolyCrinkle (Adem,Ringan & Tidak Menerawang)
- Regular fit
- Warna : Multicolor ( Putih, Abu, Krem )
- Kancing Depan ( Busui Friendly )
- Lengan Karet : Wudhu Friendly
- Tali Pinggang
Detail Size (Lingkar Dada x Panjang Lengan x Panjang Baju):
M : 98 cm x 58 cm x 97 cm
L : 104 cm x 58 cm x 98 cm
XL : 110 cm x 58 cm x 99 cm
PETUNJUK PERAWATAN:
- Air hangat dibawah 30°C
- Cuci dengan tangan
- Jangan pakai pemutih
- Jangan diperas
- Pengeringan digantung
- Seterika hangat
NOTE PENTING:
- Detail ukuran dengan toleransi +- 1 - 3cm
- Akurasi cahaya pada foto sampai dengan 90%
- Hanya melayani penukaran jika barang tidak sesuai pesanan/cacat
- Wajib menyertakan bukti video unboxing tanpa terputus, dan menunjukan semua sisi paket
- Batas retur 1x24 jam setelah barang diterima
- Kemasan & label pengiriman masih utuh dan disertakan saat pengembalian
- Produk yg diretur harus dalam keadaan BARU, tidak pernah dipakai/dicuci"
FAME - Zahra Tunik Satin Silk Terbaru - 9911835,https://images.tokopedia.net/img/cache/300-square/hDjmkQ/2024/2/28/a9ecd7d4-6187-4b7a-b77b-aa1a70efe6ac.jpg,Rp499.900,28,0,0,"- Material : Satin Silk (Adem,Ringan & Tidak Menerawang)
- Regular fit
- Warna : Brown
- Kancing Depan ( Busui Friendly )
- Lengan Karet : Wudhu Friendly
Detail Size (Lingkar Dada x Panjang Lengan x Panjang Baju):
M : 100 cm x 58 cm x 80 cm
L : 106 cm x 58 cm x 81 cm
XL : 112 cm x 58 cm x 82 cm
PETUNJUK PERAWATAN:
- Air hangat dibawah 30°C
- Cuci dengan tangan
- Jangan pakai pemutih
- Jangan diperas
- Pengeringan digantung
- Seterika hangat
NOTE PENTING:
- Detail ukuran dengan toleransi +- 1 - 3cm
- Akurasi cahaya pada foto sampai dengan 90%
- Hanya melayani penukaran jika barang tidak sesuai pesanan/cacat
- Wajib menyertakan bukti video unboxing tanpa terputus, dan menunjukan semua sisi paket
- Batas retur 1x24 jam setelah barang diterima
- Kemasan & label pengiriman masih utuh dan disertakan saat pengembalian
- Produk yg diretur harus dalam keadaan BARU, tidak pernah dipakai/dicuci"
FAME - Aya Tunik Putih Polos Terbaru - 9911818,https://images.tokopedia.net/img/cache/300-square/hDjmkQ/2024/2/28/461f0d17-11f3-4d58-9929-08e10de8f3e1.jpg,Rp299.900,23,0,0,"- Material : Polycotton (Adem,Ringan & Tidak Menerawang)
- Regular fit
- Warna : Putih
- Kancing Depan ( Busui Friendly )
- Lengan Manset : Wudhu Friendly
Detail Size (Lingkar Dada x Panjang Lengan x Panjang Baju):
S : 92 cm x 56 cm x 75 cm
M : 98 cm x 56 cm x 76 cm
L : 104 cm x 57 cm x 77 cm
XL : 110 cm x 58 cm x 78 cm
XXL : 116 cm x 58 cm x 78 cm
PETUNJUK PERAWATAN:
- Air hangat dibawah 30°C
- Cuci dengan tangan
- Jangan pakai pemutih
- Jangan diperas
- Pengeringan digantung
- Seterika hangat
NOTE PENTING:
- Detail ukuran dengan toleransi +- 1 - 3cm
- Akurasi cahaya pada foto sampai dengan 90%
- Hanya melayani penukaran jika barang tidak sesuai pesanan/cacat
- Wajib menyertakan bukti video unboxing tanpa terputus, dan menunjukan semua sisi paket
- Batas retur 1x24 jam setelah barang diterima
- Kemasan & label pengiriman masih utuh dan disertakan saat pengembalian
- Produk yg diretur harus dalam keadaan BARU, tidak pernah dipakai/dicuci"
FAME - Jasmine Maxi Dress Gamis Casual Terbaru - 9911187,https://images.tokopedia.net/img/cache/300-square/hDjmkQ/2024/2/28/01f576d7-27d2-43a7-b6a6-f79412b2070a.jpg,Rp749.900,31,0,0,"- Material : Crinkle (Adem,Ringan & Tidak Menerawang)
- Regular fit
- Warna : Multicolor (Putih, Biru, Hijau)
- Zipper Belakang
- Lengan Karet : Wudhu Friendly
- Tali Pinggang
Detail Size (Lingkar Dada x Panjang Lengan x Panjang Baju):
M : 96 cm x 58 cm x 137 cm
L : 102 cm x 58 cm x 137 cm
XL : 108 cm x 58 cm x 138 cm
PETUNJUK PERAWATAN:
- Air hangat dibawah 30°C
- Cuci dengan tangan
- Jangan pakai pemutih
- Jangan diperas
- Pengeringan digantung
- Seterika hangat
NOTE PENTING:
- Detail ukuran dengan toleransi +- 1 - 3cm
- Akurasi cahaya pada foto sampai dengan 90%
- Hanya melayani penukaran jika barang tidak sesuai pesanan/cacat
- Wajib menyertakan bukti video unboxing tanpa terputus, dan menunjukan semua sisi paket
- Batas retur 1x24 jam setelah barang diterima
- Kemasan & label pengiriman masih utuh dan disertakan saat pengembalian
- Produk yg diretur harus dalam keadaan BARU, tidak pernah dipakai/dicuci"
FAME - Carmen Gamis Hitam Detail Brokat Terbaru - 9911182,https://images.tokopedia.net/img/cache/300-square/hDjmkQ/2024/2/19/b4bb3bf3-0572-43b7-860e-75b7e6f1e1cd.jpg,Rp799.900,38,0,0,"- Material : Hycon (Adem,Ringan & Tidak Menerawang)
- Regular fit
- Warna : Hitam
- Zipper Depan : Busui Friendly
- Lengan Karet : Wudhu Friendly
- Pinggang Karet
Detail Size (Lingkar Dada x Panjang Lengan x Panjang Baju):
M : 100 cm x 56 cm x 130 cm
L : 104 cm x 56 cm x 130 cm
XL : 108 cm x 56 cm x 130 cm
XXL : 112 cm x 56 cm x 130 cm
PETUNJUK PERAWATAN:
- Air hangat dibawah 30°C
- Cuci dengan tangan
- Jangan pakai pemutih
- Jangan diperas
- Pengeringan digantung
- Seterika hangat
- Tidak dengan mesin cuci
NOTE PENTING:
- Detail ukuran dengan toleransi +- 1 - 3cm
- Akurasi cahaya pada foto sampai dengan 90%
- Hanya melayani penukaran jika barang tidak sesuai pesanan/cacat
- Wajib menyertakan bukti video unboxing tanpa terputus, dan menunjukan semua sisi paket
- Batas retur 1x24 jam setelah barang diterima
- Kemasan & label pengiriman masih utuh dan disertakan saat pengembalian
- Produk yg diretur harus dalam keadaan BARU, tidak pernah dipakai/dicuci"
FAME - Casma Maxi Dress Gamis Casual Terbaru - 9911188,https://images.tokopedia.net/img/cache/300-square/hDjmkQ/2024/2/19/2e828e76-027b-4a95-a813-1bd668ed2a36.jpg,Rp749.900,31,0,0,"- Material : Satin Silk (Adem,Ringan & Tidak Menerawang)
- Regular fit
- Warna : Coklat
- Zipper Belakang
- Lengan Karet : Wudhu Friendly
PETUNJUK PERAWATAN:
- Air hangat dibawah 30°C
- Cuci dengan tangan
- Jangan pakai pemutih
- Jangan diperas
- Pengeringan digantung
- Seterika hangat
Detail Size (Lingkar Dada x Panjang Lengan x Panjang Baju):
M : 102 cm x 71 cm x 140 cm
L : 106 cm x 71 cm x 140 cm
XL : 110 cm x 71 cm x 140 cm
NOTE PENTING:
- Detail ukuran dengan toleransi +- 1 - 3cm
- Akurasi cahaya pada foto sampai dengan 90%
- Hanya melayani penukaran jika barang tidak sesuai pesanan/cacat
- Wajib menyertakan bukti video unboxing tanpa terputus, dan menunjukan semua sisi paket
- Batas retur 1x24 jam setelah barang diterima
- Kemasan & label pengiriman masih utuh dan disertakan saat pengembalian
- Produk yg diretur harus dalam keadaan BARU, tidak pernah dipakai/dicuci"
FAME - Chanda Gamis Kaftan Print Terbaru - 9911204,https://images.tokopedia.net/img/cache/300-square/hDjmkQ/2024/2/19/e0f3d119-d1b6-408d-ba64-2a3c44dd001f.jpg,Rp649.900,27,0,0,"- Material : Satin Silk (Adem,Ringan & Tidak Menerawang)
- Regular fit
- Warna : Coklat
- Wudhu Friendly
- Pinggang Karet
Detail Size (Lingkar Dada x Panjang Baju):
Free Size  : 150 cm x 134 cm ( Fit to XXL)
PETUNJUK PERAWATAN:
- Air hangat dibawah 30°C
- Cuci dengan tangan
- Jangan pakai pemutih
- Jangan diperas
- Pengeringan digantung
- Seterika hangat
NOTE PENTING:
- Detail ukuran dengan toleransi +- 1 - 3cm
- Akurasi cahaya pada foto sampai dengan 90%
- Hanya melayani penukaran jika barang tidak sesuai pesanan/cacat
- Wajib menyertakan bukti video unboxing tanpa terputus, dan menunjukan semua sisi paket
- Batas retur 1x24 jam setelah barang diterima
- Kemasan & label pengiriman masih utuh dan disertakan saat pengembalian
- Produk yg diretur harus dalam keadaan BARU, tidak pernah dipakai/dicuci
#gamis #bajumuslim #bajumuslimwanita #bajulebaran #muslimwear #busanamuslim #fame  #dressmuslim #modelterbaru #gamisputih #gamisterbaru2024lebaranwanita #pakaianmuslim #gamislebaran2024modelgamisterbaru"
FAME - Camilla Maxi Dress Gamis Polos Crincle Terbaru - 991118,https://images.tokopedia.net/img/cache/300-square/hDjmkQ/2024/2/19/5c8b9df1-42b2-4cbc-a33e-3297ae630c39.jpg,Rp649.900,27,0,0,"- Material : Crinkle (Adem,Ringan & Tidak Menerawang)
- Regular fit
- Warna : Pink Rashberry, Sage Green, Light Steel Blue
- Zipper Depan : Busui Friendly
- Lengan Karet : Wudhu Friendly
- Pinggang Karet
Detail Size (Lingkar Dada x Panjang Lengan x Panjang Baju):
M : 94 cm x 53 cm x 138 cm
L : 100 cm x 53 cm x 140cm
XL : 104 cm x 54 cm x 141 cm
PETUNJUK PERAWATAN:
- Air hangat dibawah 30°C
- Cuci dengan tangan
- Jangan pakai pemutih
- Jangan diperas
- Pengeringan digantung
- Seterika hangat
NOTE PENTING:
- Detail ukuran dengan toleransi +- 1 - 3cm
- Akurasi cahaya pada foto sampai dengan 90%
- Hanya melayani penukaran jika barang tidak sesuai pesanan/cacat
- Wajib menyertakan bukti video unboxing tanpa terputus, dan menunjukan semua sisi paket
- Batas retur 1x24 jam setelah barang diterima
- Kemasan & label pengiriman masih utuh dan disertakan saat pengembalian
- Produk yg diretur harus dalam keadaan BARU, tidak pernah dipakai/dicuci"
FAME - Ghina Tunik Putih Katun Detail Tali Pinggang Terbaru - 9211819,https://images.tokopedia.net/img/cache/300-square/hDjmkQ/2024/2/6/67016e20-b028-495b-93ee-bb91b7832be2.jpg,Rp319.900,20,100,1,"- Material: Polycotton (Adem, Ringan & Tidak Menerawang)
- Regular fit
- Warna: Clear White
- Kancing Depan: Busui Friendly
- Lengan Kancing: Wudhu Friendly
- Tali Pinggang
- Kerah Kemeja
Detail Size (Lingkar Dada x Panjang Lengan x Panjang Baju):
S : 94 x 54 cm x 91cm
M : 98 cm x 56 cm x 93 cm
L : 106 cm x 57 cm x 94 cm
XL : 112 cm x 57 cm x 95 cm
XXL : 118 cm x 58 cm x 96 cm
PETUNJUK PERAWATAN:
- Air hangat dibawah 30°C
- Cuci dengan tangan
- Jangan pakai pemutih
- Jangan diperas
- Pengeringan digantung
- Seterika hangat
- Tidak dengan mesin cuci
NOTE PENTING:
- Detail ukuran dengan toleransi +- 1 - 3cm
- Akurasi cahaya pada foto sampai dengan 90%
- Hanya melayani penukaran jika barang tidak sesuai pesanan/cacat
- Wajib menyertakan bukti video unboxing tanpa terputus, dan menunjukan semua sisi paket
- Batas retur 1x24 jam setelah barang diterima
- Kemasan & label pengiriman masih utuh dan disertakan saat pengembalian
- Produk yg diretur harus dalam keadaan BARU, tidak pernah dipakai/dicuci
#gamis #bajumuslim #bajumuslimwanita #bajulebaran #muslimwear #busanamuslim #fame #dressmuslim #modelterbaru #gamisputih #gamisterbaru2024lebaranwanita #dressmaxi #gamislebaran2024modelgamisterbaru #tunik"
FAME - Aamira Gamis Putih Detail Brokat Terbaru - 9911174,https://images.tokopedia.net/img/cache/300-square/hDjmkQ/2024/2/6/f9a23781-5761-4ca7-8949-54c495f91634.jpg,Rp899.900,35,0,0,"- Material: Hycon (Adem, Ringan & Tidak Menerawang)
- Regular fit
- Warna: Clear White
- Zipper Depan: Busui Friendly
- Full Brokat bagian dada
- Pinggang Karet
Detail Size (Lingkar Dada x Panjang Lengan x Panjang Baju):
M : 98 cm x 59 cm x 137 cm
L : 105 cm x 59 cm x 138 cm
XL : 112 cm x 60 cm x 139 cm
XXL : 119 cm x 60 cm x 140 cm
PETUNJUK PERAWATAN:
- Air hangat dibawah 30°C
- Cuci dengan tangan
- Jangan pakai pemutih
- Jangan diperas
- Pengeringan digantung
- Seterika hangat
- Tidak dengan mesin cuci
NOTE PENTING:
- Detail ukuran dengan toleransi +- 1 - 3cm
- Akurasi cahaya pada foto sampai dengan 90%
- Wajib menyertakan bukti video unboxing tanpa terputus, dan menunjukan semua sisi paket
- Batas retur 1x24 jam setelah barang diterima
- Kemasan & label pengiriman masih utuh dan disertakan saat pengembalian
- Produk yg diretur harus dalam keadaan BARU, tidak pernah dipakai/dicuci
- Hanya melayani penukaran jika barang tidak sesuai pesanan/cacat
#gamis #bajumuslim #bajumuslimwanita #bajulebaran #muslimwear #busanamuslim #fame #dressmuslim #modelterbaru #gamisputih #gamisterbaru2024lebaranwanita #pakaianmuslim #gamislebaran2024modelgamisterbaru"
FAME - Alina Gamis Putih Detail Brokat Terbaru - 9911177,https://images.tokopedia.net/img/cache/300-square/hDjmkQ/2024/2/5/720fbcca-8974-4e50-99c1-041555b5bfbd.jpg,Rp799.900,38,0,0,"- Material: Hycon (Adem, Ringan & Tidak Menerawang)
- Regular fit
- Warna: White
- Zipper Depan: Busui Friendly
- Lengan Karet: Wudhu Friendly
- Detail Brokat bagian dada
Detail Size (Lingkar Dada x Panjang Lengan x Panjang Baju):
M : 100 cm x 55 cm x 133 cm
L : 105 cm x 55 cm x 133 cm
XL : 110 cm x 57 cm x 133 cm
XXL : 114 cm x 57 cm x 133 cm
PETUNJUK PERAWATAN:
- Air hangat dibawah 30°C
- Cuci dengan tangan
- Jangan pakai pemutih
- Jangan diperas
- Pengeringan digantung
- Seterika hangat
- Tidak dengan mesin cuci
NOTE PENTING:
- Detail ukuran dengan toleransi +- 1 - 3cm
- Akurasi cahaya pada foto sampai dengan 90%
- Hanya melayani penukaran jika barang tidak sesuai pesanan/cacat
- Wajib menyertakan bukti video unboxing tanpa terputus, dan menunjukan semua sisi paket
- Batas retur 1x24 jam setelah barang diterima
- Kemasan & label pengiriman masih utuh dan disertakan saat pengembalian
- Produk yg diretur harus dalam keadaan BARU, tidak pernah dipakai/dicuci
#gamis #bajumuslim #bajumuslimwanita #bajulebaran #muslimwear #busanamuslim #fame  #dressmuslim #modelterbaru #gamisputih #gamisterbaru2024lebaranwanita #pakaianmuslim #gamislebaran2024modelgamisterbaru"
FAME - Aisyah Gamis Hitam Detail Brokat & Ruffle Terbaru - 9911181,https://images.tokopedia.net/img/cache/300-square/hDjmkQ/2024/2/5/a1727ecc-f091-4b8e-9503-38b96413c794.jpg,Rp899.900,35,0,0,"- Material: Hycon (Adem, Ringan & Tidak Menerawang)
- Regular fit
- Warna: Black
- Zipper Belakang
- Detail Brokat bagian dada & Ruffle di bahu
- Pinggang Karet
Detail Size (Lingkar Dada x Panjang Lengan x Panjang Baju):
M : 96 cm x 50 cm x 137 cm
L : 102 cm x 51 cm x 138 cm
XL : 108 cm x 52 cm x 139 cm
XXL : 114 cm x 53 cm x 133 cm
PETUNJUK PERAWATAN:
- Air hangat dibawah 30°C
- Cuci dengan tangan
- Jangan pakai pemutih
- Jangan diperas
- Pengeringan digantung
- Seterika hangat
- Tidak dengan mesin cuci
NOTE PENTING:
- Detail ukuran dengan toleransi +- 1 - 3cm
- Akurasi cahaya pada foto sampai dengan 90%
- Hanya melayani penukaran jika barang tidak sesuai pesanan/cacat
- Wajib menyertakan bukti video unboxing tanpa terputus, dan menunjukan semua sisi paket
- Batas retur 1x24 jam setelah barang diterima
- Kemasan & label pengiriman masih utuh dan disertakan saat pengembalian
- Produk yg diretur harus dalam keadaan BARU, tidak pernah dipakai/dicuci
#gamis #bajumuslim #bajumuslimwanita #bajulebaran #muslimwear #busanamuslim #fame #dressmuslim #modelterbaru #gamisputih #gamisterbaru2024lebaranwanita #pakaianmuslim #gamislebaran2024modelgamisterbaru"
FAME - Miriam Gamis Putih Detail Brokat Plisket Terbaru - 9911180,https://images.tokopedia.net/img/cache/300-square/hDjmkQ/2024/2/5/bb9b9625-962d-459f-9456-8536d7aa8619.jpg,Rp799.900,38,0,0,"- Material: Hycon (Adem, Ringan & Tidak Menerawang)
- Regular fit
- Warna: Clear White
- Zipper Depan: Busui Friendly
- Detail Brokat Plisket bagian dada
- Pinggang Karet
Detail Size (Lingkar Dada x Panjang Lengan x Panjang Baju):
M : 98 cm x 57 cm x 140 cm
L : 105 cm x 57 cm x 140 cm
XL : 112 cm x 59 cm x 140 cm
XXL : 118 cm x 59 cm x 140 cm
PETUNJUK PERAWATAN:
- Air hangat dibawah 30°C
- Cuci dengan tangan
- Jangan pakai pemutih
- Jangan diperas
- Pengeringan digantung
- Seterika hangat
- Tidak dengan mesin cuci
NOTE PENTING:
- Detail ukuran dengan toleransi +- 1 - 3cm
- Akurasi cahaya pada foto sampai dengan 90%
- Hanya melayani penukaran jika barang tidak sesuai pesanan/cacat
- Wajib menyertakan bukti video unboxing tanpa terputus, dan menunjukan semua sisi paket
- Batas retur 1x24 jam setelah barang diterima
- Kemasan & label pengiriman masih utuh dan disertakan saat pengembalian
- Produk yg diretur harus dalam keadaan BARU, tidak pernah dipakai/dicuci
#gamis #bajumuslim #bajumuslimwanita #bajulebaran #muslimwear #busanamuslim #fame #dressmuslim #modelterbaru #gamisputih #gamisterbaru2024lebaranwanita #pakaianmuslim #gamislebaran2024modelgamisterbaru"
FAME - Agnia Gamis Putih Detail Brokat Mutiara Plisket Terbaru-9911179,https://images.tokopedia.net/img/cache/300-square/hDjmkQ/2024/2/5/9e7b704d-eaf5-47bc-b4c6-7ce706e9bd31.jpg,Rp899.900,35,0,0,"- Material: Hycon (Adem, Ringan & Tidak Menerawang)
- Regular fit
- Warna: Clear White
- Zipper Depan: Busui Friendly
- Lengan Karet: Wudhu Friendly
- Detail Brokat Mutiara Plisket bagian dada
- Pinggang Karet
Detail Size (Lingkar Dada x Panjang Lengan x Panjang Baju):
M : 96 cm x 57 cm x 139 cm
L : 102 cm x 57 cm x 139 cm
XL : 108 cm x 59 cm x 140 cm
XXL : 112 cm x 59 cm x 140 cm
PETUNJUK PERAWATAN:
- Air hangat dibawah 30°C
- Cuci dengan tangan
- Jangan pakai pemutih
- Jangan diperas
- Pengeringan digantung
- Seterika hangat
- Tidak dengan mesin cuci
NOTE PENTING:
- Detail ukuran dengan toleransi +- 1 - 3cm
- Akurasi cahaya pada foto sampai dengan 90%
- Hanya melayani penukaran jika barang tidak sesuai pesanan/cacat
- Wajib menyertakan bukti video unboxing tanpa terputus, dan menunjukan semua sisi paket
- Batas retur 1x24 jam setelah barang diterima
- Kemasan & label pengiriman masih utuh dan disertakan saat pengembalian
- Produk yg diretur harus dalam keadaan BARU, tidak pernah dipakai/dicuci
#gamis #bajumuslim #bajumuslimwanita #bajulebaran #muslimwear #busanamuslim #fame #dressmuslim #modelterbaru #gamisputih #gamisterbaru2024lebaranwanita #pakaianmuslim #gamislebaran2024modelgamisterbaru"
FAME - Amina Maxi Dress Gamis Katun Print Multicolor Terbaru - 9911203,https://images.tokopedia.net/img/cache/300-square/hDjmkQ/2024/2/5/0d32821a-2d66-4c69-bad2-9160c0fb83c5.jpg,Rp599.900,24,0,0,"- Material: Katun Rayon (Adem, Ringan & Tidak Menerawang)
- Regular fit
- Warna: Multicolor
- Full Kancing Depan: Busui Friendly
- Lengan Kancing: Wudhu Friendly
- Tali Pinggang - Kerah Kemeja
Detail Size (Lingkar Dada x Panjang Lengan x Panjang Baju):
M : 96 cm x 56 cm x 130 cm
L : 102 cm x 57 cm x 131 cm
XL : 108 cm x 58 cm x 132 cm
PETUNJUK PERAWATAN:
- Air hangat dibawah 30°C
- Cuci dengan tangan
- Jangan pakai pemutih
- Jangan diperas
- Pengeringan digantung
- Seterika hangat
- Tidak dengan mesin cuci
NOTE PENTING:
- Detail ukuran dengan toleransi +- 1 - 3cm
- Akurasi cahaya pada foto sampai dengan 90%
- Hanya melayani penukaran jika barang tidak sesuai pesanan/cacat
- Wajib menyertakan bukti video unboxing tanpa terputus, dan menunjukan semua sisi paket
- Batas retur 1x24 jam setelah barang diterima
- Kemasan & label pengiriman masih utuh dan disertakan saat pengembalian
- Produk yg diretur harus dalam keadaan BARU, tidak pernah dipakai/dicuci
#gamis #bajumuslim #bajumuslimwanita #bajulebaran #muslimwear #busanamuslim #fame #dressmuslim #modelterbaru #gamisputih #gamisterbaru2024lebaranwanita #dressmaxi #gamislebaran2024modelgamisterbaru"
FAME - Kemeja Wanita Lengan Panjang Mocca - 9211807,https://images.tokopedia.net/img/cache/300-square/hDjmkQ/2023/12/11/d957bd80-c1c3-4b43-9f00-fd99e9396513.jpg,Rp289.900,31,0,0,"- Kemeja basic lengan panjang
- Smart casual style
- Kerah tinggi pleats dengan detail tali pita
- Kancing depan
- Reguler fit
- Unlined
- Warna mocca
- Material cotton blend, tidak transparan, ringan dan tidak stretch
- Tinggi model 165cm, mengenakan ukuran M
Lingkar Dada x Panjang Lengan x Panjang Kemeja
- S (90cm x 56cm x 62cm)
- M (96cm x 56cm x 63cm)
- L (102cm x 57cm x 64cm)
- XL (108cm x 57cm x 65cm)
- XXL (114 x 57cm x 66cm)
NOTE PENTING :
1. Produk 100% baru (Tidak pernah dipakai).
2. Tidak menerima penukaran size apabila sudah sesuai pesanan.
3. Toleransi pengukuran produk kurang lebih 2cm.
4. Jika produk yang diterima bermasalah (Reject, Bernoda/tidak sesuai pesanan) silahkan komplain chat personal ke admin dan pastikan tidak melakukan penilaian terhadap produk agar komplain bisa diproses.
5. Semua komplain wajib menyertakan video Unboxing paket dari awal sebelum buka paket sampai pengecekan produk.
6. Maksimal komplain 1x24 jam dari terima barang."
FAME - Kemeja Wanita Lengan Panjang Putih - 9211799,https://images.tokopedia.net/img/cache/300-square/hDjmkQ/2023/12/11/04f795a1-1b5f-4b72-a7be-203150816f1d.jpg,Rp289.900,31,0,0,"- Kemeja basic lengan panjang
- Smart casual style
- Kerah tinggi pleats dengan detail tali pita
- Kancing depan
- Reguler fit
- Unlined
- Warna putih
- Material cotton blend, tidak transparan, ringan dan tidak stretch
- Tinggi model 170cm, mengenakan ukuran M
Lingkar Dada x Panjang Lengan x Panjang Kemeja
- S (90cm x 56cm x 62cm)
- M (96cm x 56cm x 63cm)
- L (102cm x 57cm x 64cm)
- XL (108cm x 57cm x 65cm)
- XXL (114 x 57cm x 66cm)
NOTE PENTING :
1. Produk 100% baru (Tidak pernah dipakai).
2. Tidak menerima penukaran size apabila sudah sesuai pesanan.
3. Toleransi pengukuran produk kurang lebih 2cm.
4. Jika produk yang diterima bermasalah (Reject, Bernoda/tidak sesuai pesanan) silahkan komplain chat personal ke admin dan pastikan tidak melakukan penilaian terhadap produk agar komplain bisa diproses.
5. Semua komplain wajib menyertakan video Unboxing paket dari awal sebelum buka paket sampai pengecekan produk.
6. Maksimal komplain 1x24 jam dari terima barang."
FAME - Kemeja Wanita Basic Lengan Pendek Soft Blue - 9221567,https://images.tokopedia.net/img/cache/300-square/hDjmkQ/2023/12/5/31b2b5bf-fd6c-45fd-9759-878a05cc9e35.jpg,Rp239.900,35,100,1,"- Kemeja basic
- Lengan pendek
- Kerah kemeja
- Kancing depan
- Regular fit
- Warna soft blue
- Material polycotton, tidak transparan, dan tidak stretch
- Tinggi model 164cm, mengenakan ukuran M
Lingkar Dada x Panjang Lengan x Panjang Kemeja
- S (92cm x 18cm x 61cm)
- M (98cm x 19cm x 62cm)
- L (104cm x 20cm x 64cm)
- XL (110cm x 21cm x 65cm)
- XXL (116 x 22cm x 66cm)
NOTE PENTING :
1. Produk 100% baru (Tidak pernah dipakai).
2. Tidak menerima penukaran size apabila sudah sesuai pesanan.
3. Toleransi pengukuran produk kurang lebih 2cm.
4. Jika produk yang diterima bermasalah (Reject, Bernoda/tidak sesuai pesanan) silahkan komplain chat personal ke admin dan pastikan tidak melakukan penilaian terhadap produk agar komplain bisa diproses.
5. Semua komplain wajib menyertakan video Unboxing paket dari awal sebelum buka paket sampai pengecekan produk.
6. Maksimal komplain 1x24 jam dari terima barang."
FAME - Midi Dress Maroon - 9511064,https://images.tokopedia.net/img/cache/300-square/hDjmkQ/2023/12/5/5037d791-cec5-4ec8-9443-e7a9a0179fe8.jpg,Rp479.900,30,0,0,"- Midi dress kerah bulat detail ploi
- Zipper bagian belakang
- Lengan 2 layer dengan kombinasi brukat
- Lengan 7/8 & elastic
- Saku pada bagian rok
- Material Poly Crinkle, tidak transparant, sedikit stretch, dan ringan
- Warna Maroon
- Tinggi model 170cm, mengenakan ukuran M
Lingkar Dada x Panjang Lengan x Panjang Dress
- M ( 94 x 39cm x 114cm)
- L ( 100 x 40cm x 115cm)
- XL ( 106 x 41cm x 116cm)
NOTE PENTING :
1. Produk 100% baru (Tidak pernah dipakai).
2. Tidak menerima penukaran size apabila sudah sesuai pesanan.
3. Toleransi pengukuran produk kurang lebih 2cm.
4. Jika produk yang diterima bermasalah (Reject, Bernoda/tidak sesuai pesanan) silahkan komplain chat personal ke admin dan pastikan tidak melakukan penilaian terhadap produk agar komplain bisa diproses.
5. Semua komplain wajib menyertakan video Unboxing paket dari awal sebelum buka paket sampai pengecekan produk.
6. Maksimal komplain 1x24 jam dari terima barang."
FAME - Square Neck Dress Broken White - 9511061,https://images.tokopedia.net/img/cache/300-square/hDjmkQ/2023/12/5/2c3583a5-ab49-4c53-be94-5ad068a94c96.jpg,Rp479.900,30,100,1,"- Square neck dress brukat
- Lengan panjang tulle
- Zipper belakang
- Regular fit
- Full furring
- Material brukat
- Warna broken white
- Tinggi model 164cm, mengenakan ukuran M
Lingkar Dada x Panjang Lengan x Panjang Dress
- M ( 90cm x 52cm x 113cm)
- L ( 96cm x 53cm x 114cm)
- XL ( 102cm x 54cm x 115cm)
NOTE PENTING :
1. Produk 100% baru (Tidak pernah dipakai).
2. Tidak menerima penukaran size apabila sudah sesuai pesanan.
3. Toleransi pengukuran produk kurang lebih 2cm.
4. Jika produk yang diterima bermasalah (Reject, Bernoda/tidak sesuai pesanan) silahkan komplain chat personal ke admin dan pastikan tidak melakukan penilaian terhadap produk agar komplain bisa diproses.
5. Semua komplain wajib menyertakan video Unboxing paket dari awal sebelum buka paket sampai pengecekan produk.
6. Maksimal komplain 1x24 jam dari terima barang."
FAME - Rok Span Pendek Maroon - 9320475,https://images.tokopedia.net/img/cache/300-square/hDjmkQ/2023/12/4/7c4d8df2-f6c8-4018-bafb-d829e4650d2e.jpg,Rp179.900,50,0,0,"- Rok span pendek
- High rise
- Zipper depan
- Material Polywool, tidak transparan, dan ringan
- Warna merah maroon
- Tinggi model 165cm, mengenakan ukuran M
Lingkar Pinggang x Panjang Celana
- S (70cm x 54cm)
- M (76cm x 55cm)
- L (82cm x 56cm)
- XL (88cm x 57cm)
NOTE PENTING :
1. Produk 100% baru (Tidak pernah dipakai).
2. Tidak menerima penukaran size apabila sudah sesuai pesanan.
3. Toleransi pengukuran produk kurang lebih 2cm.
4. Jika produk yang diterima bermasalah (Reject, Bernoda/tidak sesuai pesanan) silahkan komplain chat personal ke admin dan pastikan tidak melakukan penilaian terhadap produk agar komplain bisa diproses.
5. Semua komplain wajib menyertakan video Unboxing paket dari awal sebelum buka paket sampai pengecekan produk.
6. Maksimal komplain 1x24 jam dari terima barang."
FAME - Celana Panjang Wanita Maroon - 9410484,https://images.tokopedia.net/img/cache/300-square/hDjmkQ/2023/12/4/aae8c295-d41f-4a7d-a1c4-b70aeaba4bb6.jpg,Rp199.900,50,0,0,"- Celana panjang
- Kancing dan resleting depan
- Saku kanan dan kiri
- Regular fit
- Warna maroon
- Material polywool, tidak transparan, dan ringan.
- Tinggi model 165cm, mengenakan ukuran M
Lingkar Pinggang x Panjang Celana
- S (68cm x 100cm)
- M (74cm x 100cm)
- L (80cm x 101cm)
- XL (86cm x 101cm)
- XXL (86cm - 90cm x 101cm)
NOTE PENTING :
1. Produk 100% baru (Tidak pernah dipakai).
2. Tidak menerima penukaran size apabila sudah sesuai pesanan.
3. Toleransi pengukuran produk kurang lebih 2cm.
4. Jika produk yang diterima bermasalah (Reject, Bernoda/tidak sesuai pesanan) silahkan komplain chat personal ke admin dan pastikan tidak melakukan penilaian terhadap produk agar komplain bisa diproses.
5. Semua komplain wajib menyertakan video Unboxing paket dari awal sebelum buka paket sampai pengecekan produk.
6. Maksimal komplain 1x24 jam dari terima barang."
FAME - Midi Dress Broken White - 9511066,https://images.tokopedia.net/img/cache/300-square/hDjmkQ/2023/12/4/c2fda60e-32ad-4c9f-87ec-f2ed7ed9e6d2.jpg,Rp479.900,30,100,1,"- Midi dress kerah bulat detail ploi
- Zipper bagian belakang
- Lengan 2 layer dengan kombinasi brukat
- Lengan 7/8 & elastic
- Saku pada bagian rok
- Material Poly Crinkle, tidak transparant, sedikit stretch, dan ringan
- Warna broken white
- Tinggi model 170cm, mengenakan ukuran M
Lingkar Dada x Panjang Lengan x Panjang Dress
- M ( 94 x 39cm x 114cm)
- L ( 100 x 40cm x 115cm)
- XL ( 106 x 41cm x 116cm)
NOTE PENTING :
1. Produk 100% baru (Tidak pernah dipakai).
2. Tidak menerima penukaran size apabila sudah sesuai pesanan.
3. Toleransi pengukuran produk kurang lebih 2cm.
4. Jika produk yang diterima bermasalah (Reject, Bernoda/tidak sesuai pesanan) silahkan komplain chat personal ke admin dan pastikan tidak melakukan penilaian terhadap produk agar komplain bisa diproses.
5. Semua komplain wajib menyertakan video Unboxing paket dari awal sebelum buka paket sampai pengecekan produk.
6. Maksimal komplain 1x24 jam dari terima barang."
FAME - Midi Dress Sage Green - 9511067,https://images.tokopedia.net/img/cache/300-square/hDjmkQ/2023/12/4/210f2640-d388-41f1-9279-ccd7eac49a43.jpg,Rp479.900,30,0,0,"- Midi dress kerah bulat detail ploi
- Zipper bagian belakang
- Lengan 2 layer dengan kombinasi brukat
- Lengan 7/8 & elastic
- Saku pada bagian rok
- Material Poly Crinkle, tidak transparant, sedikit stretch, dan ringan
- Warna sage green
- Tinggi model 170cm, mengenakan ukuran M
Lingkar Dada x Panjang Lengan x Panjang Dress
- M ( 94 x 39cm x 114cm)
- L ( 100 x 40cm x 115cm)
- XL ( 106 x 41cm x 116cm)
NOTE PENTING :
1. Produk 100% baru (Tidak pernah dipakai).
2. Tidak menerima penukaran size apabila sudah sesuai pesanan.
3. Toleransi pengukuran produk kurang lebih 2cm.
4. Jika produk yang diterima bermasalah (Reject, Bernoda/tidak sesuai pesanan) silahkan komplain chat personal ke admin dan pastikan tidak melakukan penilaian terhadap produk agar komplain bisa diproses.
5. Semua komplain wajib menyertakan video Unboxing paket dari awal sebelum buka paket sampai pengecekan produk.
6. Maksimal komplain 1x24 jam dari terima barang."
FAME - Midi Dress Hitam - 9511065,https://images.tokopedia.net/img/cache/300-square/hDjmkQ/2023/12/4/20e35a0a-6a35-4880-8437-5875f5cc5f28.jpg,Rp479.900,30,100,1,"- Midi dress kerah bulat detail ploi
- Zipper bagian belakang
- Lengan 2 layer dengan kombinasi brukat
- Lengan 7/8 & elastic
- Saku pada bagian rok
- Material Poly Crinkle, tidak transparant, sedikit stretch, dan ringan
- Warna hitam
- Tinggi model 170cm, mengenakan ukuran M
Lingkar Dada x Panjang Lengan x Panjang Dress
- M ( 94 x 39cm x 114cm)
- L ( 100 x 40cm x 115cm)
- XL ( 106 x 41cm x 116cm)
NOTE PENTING :
1. Produk 100% baru (Tidak pernah dipakai).
2. Tidak menerima penukaran size apabila sudah sesuai pesanan.
3. Toleransi pengukuran produk kurang lebih 2cm.
4. Jika produk yang diterima bermasalah (Reject, Bernoda/tidak sesuai pesanan) silahkan komplain chat personal ke admin dan pastikan tidak melakukan penilaian terhadap produk agar komplain bisa diproses.
5. Semua komplain wajib menyertakan video Unboxing paket dari awal sebelum buka paket sampai pengecekan produk.
6. Maksimal komplain 1x24 jam dari terima barang."
FAME - Square Neck Dress Hitam - 9511060,https://images.tokopedia.net/img/cache/300-square/hDjmkQ/2023/12/4/7b2097d5-4c0d-47a7-ba83-afc6d04ad729.jpg,Rp479.900,30,0,0,"- Square neck dress brukat
- Lengan panjang tulle
- Zipper belakang
- Regular fit
- Full furring
- Material brukat
- Warna hitam
- Tinggi model 164cm, mengenakan ukuran M
Lingkar Dada x Panjang Lengan x Panjang Dress
- M ( 90cm x 52cm x 113cm)
- L ( 96cm x 53cm x 114cm)
- XL ( 102cm x 54cm x 115cm)
NOTE PENTING :
1. Produk 100% baru (Tidak pernah dipakai).
2. Tidak menerima penukaran size apabila sudah sesuai pesanan.
3. Toleransi pengukuran produk kurang lebih 2cm.
4. Jika produk yang diterima bermasalah (Reject, Bernoda/tidak sesuai pesanan) silahkan komplain chat personal ke admin dan pastikan tidak melakukan penilaian terhadap produk agar komplain bisa diproses.
5. Semua komplain wajib menyertakan video Unboxing paket dari awal sebelum buka paket sampai pengecekan produk.
6. Maksimal komplain 1x24 jam dari terima barang."
FAME - Square Neck Dress Dusty Pink - 9511062,https://images.tokopedia.net/img/cache/300-square/hDjmkQ/2023/12/4/1809f067-8662-4803-8237-4b9fd7bc0a8a.jpg,Rp479.900,30,0,0,"- Square neck dress brukat
- Lengan panjang tulle
- Zipper belakang
- Regular fit
- Full furring
- Material brukat
- Warna dusty pink
- Tinggi model 164cm, mengenakan ukuran M
Lingkar Dada x Panjang Lengan x Panjang Dress
- M ( 90cm x 52cm x 113cm)
- L ( 96cm x 53cm x 114cm)
- XL ( 102cm x 54cm x 115cm)
NOTE PENTING :
1. Produk 100% baru (Tidak pernah dipakai).
2. Tidak menerima penukaran size apabila sudah sesuai pesanan.
3. Toleransi pengukuran produk kurang lebih 2cm.
4. Jika produk yang diterima bermasalah (Reject, Bernoda/tidak sesuai pesanan) silahkan komplain chat personal ke admin dan pastikan tidak melakukan penilaian terhadap produk agar komplain bisa diproses.
5. Semua komplain wajib menyertakan video Unboxing paket dari awal sebelum buka paket sampai pengecekan produk.
6. Maksimal komplain 1x24 jam dari terima barang."
FAME - Square Neck Dress Maroon - 9511059,https://images.tokopedia.net/img/cache/300-square/hDjmkQ/2023/12/4/63747f23-4c65-4583-84cf-71135dacd0b9.jpg,Rp479.900,30,0,0,"- Square neck dress brukat
- Lengan panjang tulle
- Zipper belakang
- Regular fit
- Full furring
- Material brukat
- Warna merah maroon
- Tinggi model 164cm, mengenakan ukuran M
Lingkar Dada x Panjang Lengan x Panjang Dress
- M ( 90cm x 52cm x 113cm)
- L ( 96cm x 53cm x 114cm)
- XL ( 102cm x 54cm x 115cm)
NOTE PENTING :
1. Produk 100% baru (Tidak pernah dipakai).
2. Tidak menerima penukaran size apabila sudah sesuai pesanan.
3. Toleransi pengukuran produk kurang lebih 2cm.
4. Jika produk yang diterima bermasalah (Reject, Bernoda/tidak sesuai pesanan) silahkan komplain chat personal ke admin dan pastikan tidak melakukan penilaian terhadap produk agar komplain bisa diproses.
5. Semua komplain wajib menyertakan video Unboxing paket dari awal sebelum buka paket sampai pengecekan produk.
6. Maksimal komplain 1x24 jam dari terima barang."
FAME - Square Neck Dress Emerald Green - 9511063,https://images.tokopedia.net/img/cache/300-square/hDjmkQ/2023/12/4/bdca9328-d94d-4d82-adc8-ecb63dce991c.jpg,Rp479.900,30,0,0,"- Square neck dress brukat
- Lengan panjang tulle
- Zipper belakang
- Regular fit
- Full furring
- Material brukat
- Warna emerald green
- Tinggi model 170cm, mengenakan ukuran M
Lingkar Dada x Panjang Lengan x Panjang Dress
- M ( 90cm x 52cm x 113cm)
- L ( 96cm x 53cm x 114cm)
- XL ( 102cm x 54cm x 115cm)
NOTE PENTING :
1. Produk 100% baru (Tidak pernah dipakai).
2. Tidak menerima penukaran size apabila sudah sesuai pesanan.
3. Toleransi pengukuran produk kurang lebih 2cm.
4. Jika produk yang diterima bermasalah (Reject, Bernoda/tidak sesuai pesanan) silahkan komplain chat personal ke admin dan pastikan tidak melakukan penilaian terhadap produk agar komplain bisa diproses.
5. Semua komplain wajib menyertakan video Unboxing paket dari awal sebelum buka paket sampai pengecekan produk.
6. Maksimal komplain 1x24 jam dari terima barang."
FAME - Outer Wanita Sage Green  - 9221563,https://images.tokopedia.net/img/cache/300-square/hDjmkQ/2023/11/8/e8f9efc9-98e7-4251-ace1-8c53e30b60c0.jpg,Rp339.900,29,90,2,"- Outer tanpa lengan
- Kerah V
- Saku kanan & kiri
- Loose fit
- Material polyester, tidak transparan, ringan dan tidak stretch
- Warna Sage green
- Tinggi model 165cm, mengenakan size M
Lingkar Dada x Panjang Outer
- M (96cm x 85cm)
- L (102cm x 86cm)
- XL (108cm x 87cm)
NOTE PENTING :
1. Produk 100% baru (Tidak pernah dipakai).
2. Tidak menerima penukaran size apabila sudah sesuai pesanan.
3. Toleransi pengukuran produk kurang lebih 2cm.
4. Jika produk yang diterima bermasalah (Reject, Bernoda/tidak sesuai pesanan) silahkan komplain chat personal ke admin dan pastikan tidak melakukan penilaian terhadap produk agar komplain bisa diproses.
5. Semua komplain wajib menyertakan video Unboxing paket dari awal sebelum buka paket sampai pengecekan produk.
6. Maksimal komplain 1x24 jam dari terima barang."
FAME - Celana Panjang Wanita Broken White - 9410557,https://images.tokopedia.net/img/cache/300-square/hDjmkQ/2023/11/8/711359a8-7dd9-4dc5-975e-1b8d0cbb3e87.jpg,Rp329.900,30,100,1,"- Celana panjang
- Kancing dan resleting depan
- Saku dibagian kanan dan kiri
- Regular fit
- Warna Broken White
- Material Pollywool, tidak transparan, ringan dan sedikit stretch
- Tinggi model 165cm, mengenakan ukuran M
Lingkar Pinggang x Panjang Celana
- S (68cm x 90cm)
- M (74cm x 91cm)
- L (80cm x 92cm)
- XL (86cm x 93cm)
- XXL (Up to 100cm (dilengkapi karet kanan & kiri) x 94cm)
NOTE PENTING :
1. Produk 100% baru (Tidak pernah dipakai).
2. Tidak menerima penukaran size apabila sudah sesuai pesanan.
3. Toleransi pengukuran produk kurang lebih 2cm.
4. Jika produk yang diterima bermasalah (Reject, Bernoda/tidak sesuai pesanan) silahkan komplain chat personal ke admin dan pastikan tidak melakukan penilaian terhadap produk agar komplain bisa diproses.
5. Semua komplain wajib menyertakan video Unboxing paket dari awal sebelum buka paket sampai pengecekan produk.
6. Maksimal komplain 1x24 jam dari terima barang."
FAME - Kemeja Wanita Basic Lengan Panjang Soft Blue - 9211791,https://images.tokopedia.net/img/cache/300-square/hDjmkQ/2023/11/8/a5d2fe70-3752-4786-9147-d1759d317dea.jpg,Rp279.900,30,100,2,"- Kemeja basic
- Lengan panjang
- Hidden kancing depan
- Kerah kemeja
- Regular fit
- Warna Soft Blue
- Material polycotton, tidak transparan, tidak stretch
- Tinggi model 165cm, mengenakan ukuran M
Lingkar Dada x Panjang Lengan x Panjang Kemeja
- S (92cm x 55cm x 63cm)
- M (98cm x 55cm x 64cm)
- L (104cm x 56cm x 66cm)
- XL (110cm x 57cm x 67cm)
- XXL (116cm x 57cm x 67cm)
NOTE PENTING :
1. Produk 100% baru (Tidak pernah dipakai).
2. Tidak menerima penukaran size apabila sudah sesuai pesanan.
3. Toleransi pengukuran produk kurang lebih 2cm.
4. Jika produk yang diterima bermasalah (Reject, Bernoda/tidak sesuai pesanan) silahkan komplain chat personal ke admin dan pastikan tidak melakukan penilaian terhadap produk agar komplain bisa diproses.
5. Semua komplain wajib menyertakan video Unboxing paket dari awal sebelum buka paket sampai pengecekan produk.
6. Maksimal komplain 1x24 jam dari terima barang."
FAME - Kemeja Wanita Lengan Panjang Floral Print Hijau - 9211328,https://images.tokopedia.net/img/cache/300-square/hDjmkQ/2023/11/8/b23da0e1-c2a8-4ea1-b9a9-ae4401f89b01.jpg,Rp119.900,61,0,0,"- Kemeja lengan panjang motif floral
- Warna Hijau
- Unlined
- Regular fit
- Kancing Depan
- Material katun print, sedikit transparant, ringan, tidak stretch
- Tinggi model 165cm, mengenakan ukuran M
Lingkar dada x Panjang Lengan x Panjang Kemeja
- S (88cm x 57cm x 60cm)
- M (94cm x 57cm x 61cm)
- L (100cm x 59cm x 62cm)
- XL (106cm x 59cm x 63cm)
NOTE PENTING :
1. Produk 100% baru (Tidak pernah dipakai).
2. Tidak menerima penukaran size apabila sudah sesuai pesanan.
3. Toleransi pengukuran produk kurang lebih 2cm.
4. Jika produk yang diterima bermasalah (Reject, Bernoda/tidak sesuai pesanan) silahkan komplain chat personal ke admin dan pastikan tidak melakukan penilaian terhadap produk agar komplain bisa diproses.
5. Semua komplain wajib menyertakan video Unboxing paket dari awal sebelum buka paket sampai pengecekan produk.
6. Maksimal komplain 1x24 jam dari terima barang."
FAME - Blouse Wanita Lengan Pendek Sage Green - 9221564,https://images.tokopedia.net/img/cache/300-square/hDjmkQ/2023/11/8/fd2c1403-d91a-464e-a097-9eb3414f556a.jpg,Rp239.900,33,100,4,"- Blouse basic lengan pendek
- Regular fit
- Detail leher bulat dan plakat full renda
- Kancing depan
- Material polycotton, tidak transparan, ringan dan tidak stretch
- Warna sage green
- Tinggi model 165cm, mengenakan ukuran M
Lingkar dada x Panjang Lengan x Panjang Blouse
- S (90cm x 19cm x 61cm)
- M (96cm x 19cm x 62cm)
- L (102cm x 20cm x 63cm)
- XL (108cm x 21cm x 64cm)
- XXL ( 114cm x 21cm x 65cm)
NOTE PENTING :
1. Produk 100% baru (Tidak pernah dipakai).
2. Tidak menerima penukaran size apabila sudah sesuai pesanan.
3. Toleransi pengukuran produk kurang lebih 2cm.
4. Jika produk yang diterima bermasalah (Reject, Bernoda/tidak sesuai pesanan) silahkan komplain chat personal ke admin dan pastikan tidak melakukan penilaian terhadap produk agar komplain bisa diproses.
5. Semua komplain wajib menyertakan video Unboxing paket dari awal sebelum buka paket sampai pengecekan produk.
6. Maksimal komplain 1x24 jam dari terima barang."
FAME - Kemeja Wanita Lengan Panjang Floral Print Kuning - 9211326,https://images.tokopedia.net/img/cache/300-square/hDjmkQ/2023/11/8/09f87514-24d6-4083-bf5d-152a744ab0b1.jpg,Rp119.900,61,100,2,"- Kemeja lengan panjang motif floral
- Warna Kuning
- Unlined
- Regular fit
- Kancing Depan
- Material katun print, sedikit transparant, ringan, tidak stretch
- Tinggi model 165cm, mengenakan ukuran M
Lingkar dada x Panjang Lengan x Panjang Kemeja
- S (88cm x 57cm x 60cm)
- M (94cm x 57cm x 61cm)
- L (100cm x 59cm x 62cm)
- XL (106cm x 59cm x 63cm)
NOTE PENTING :
1. Produk 100% baru (Tidak pernah dipakai).
2. Tidak menerima penukaran size apabila sudah sesuai pesanan.
3. Toleransi pengukuran produk kurang lebih 2cm.
4. Jika produk yang diterima bermasalah (Reject, Bernoda/tidak sesuai pesanan) silahkan komplain chat personal ke admin dan pastikan tidak melakukan penilaian terhadap produk agar komplain bisa diproses.
5. Semua komplain wajib menyertakan video Unboxing paket dari awal sebelum buka paket sampai pengecekan produk.
6. Maksimal komplain 1x24 jam dari terima barang."
FAME - Blouse Wanita Lengan Panjang Print Kotak-Kotak Hitam - 9211350,https://images.tokopedia.net/img/cache/300-square/hDjmkQ/2023/11/8/924de993-773b-42a0-a596-ce224171f0d0.jpg,Rp179.900,49,100,1,"- Blouse lengan panjang
- Kerah kemeja
- Detail rompi tempel motif kotak-kotak hitam
- Warna broken white kombinasi print
- Material Polyester, tidak transparan, ringan dan tidak stretch
- Tinggi model 165cm, mengenakan ukuran M
Lingkar Dada x Panjang Lengan x Panjang Kemeja
- S (88cm x 57cm x 60cm)
- M (94cm x 57cm x 61cm)
- L (100cm x 59cm x 62cm)
NOTE PENTING :
1. Produk 100% baru (Tidak pernah dipakai).
2. Tidak menerima penukaran size apabila sudah sesuai pesanan.
3. Toleransi pengukuran produk kurang lebih 2cm.
4. Jika produk yang diterima bermasalah (Reject, Bernoda/tidak sesuai pesanan) silahkan komplain chat personal ke admin dan pastikan tidak melakukan penilaian terhadap produk agar komplain bisa diproses.
5. Semua komplain wajib menyertakan video Unboxing paket dari awal sebelum buka paket sampai pengecekan produk.
6. Maksimal komplain 1x24 jam dari terima barang."
FAME - Dress Wanita Print Polkadot Merah - 9510788,https://images.tokopedia.net/img/cache/300-square/hDjmkQ/2023/11/8/c5a6861d-277a-4c80-aa19-a0dd05ca6bf8.jpg,Rp189.900,49,0,0,"- Dress motif polkadot
- Warna merah dengan polkadot putih
- Kerah bulat, detail ploi, dan pita
- Pinggang full elastic
- Unlined
- Slim fit
- Kancing belakang
- Material satin, tidak transparan, ringan, dan tidak stretch
- Tinggi model 165cm, mengenakan ukuran M
Lingkar Dada x Panjang Lengan x Panjang Dress
- S (88cm x 15cm x 89cm)
- M (94cm x 16cm x 90cm)
NOTE PENTING :
1. Produk 100% baru (Tidak pernah dipakai).
2. Tidak menerima penukaran size apabila sudah sesuai pesanan.
3. Toleransi pengukuran produk kurang lebih 2cm.
4. Jika produk yang diterima bermasalah (Reject, Bernoda/tidak sesuai pesanan) silahkan komplain chat personal ke admin dan pastikan tidak melakukan penilaian terhadap produk agar komplain bisa diproses.
5. Semua komplain wajib menyertakan video Unboxing paket dari awal sebelum buka paket sampai pengecekan produk.
6. Maksimal komplain 1x24 jam dari terima barang."
FAME - Kemeja Wanita Lengan Panjang Abu-Abu - 9211793,https://images.tokopedia.net/img/cache/300-square/hDjmkQ/2023/11/8/883247ee-7ecd-4212-be93-055523cab9c5.jpg,Rp249.900,37,0,0,"- Kemeja basic lengan panjang
- Regular fit
- Kerah kemeja
- Full kancing depan dengan detail renda
- Material polycotton, tidak transparan, ringan dan tidak stretch
- Warna abu-abu
- Tinggi model 172cm, mengenakan ukuran M
Lingkar Dada x Panjang Lengan x Panjang Kemeja
- S (90cm x 54cm x 62cm)
- M (96cm x 54cm x 63cm)
- L (102cm x 55cm x 64cm)
- XL (106cm x 55cm x 65cm)
- XXL (112cm x 56cm x 66cm)
NOTE PENTING :
1. Produk 100% baru (Tidak pernah dipakai).
2. Tidak menerima penukaran size apabila sudah sesuai pesanan.
3. Toleransi pengukuran produk kurang lebih 2cm.
4. Jika produk yang diterima bermasalah (Reject, Bernoda/tidak sesuai pesanan) silahkan komplain chat personal ke admin dan pastikan tidak melakukan penilaian terhadap produk agar komplain bisa diproses.
5. Semua komplain wajib menyertakan video Unboxing paket dari awal sebelum buka paket sampai pengecekan produk.
6. Maksimal komplain 1x24 jam dari terima barang."
FAME - Blouse Wanita Lengan Pendek Soft Blue - 9221565,https://images.tokopedia.net/img/cache/300-square/hDjmkQ/2023/11/8/77ce354d-4de8-40e3-a734-5a862a307334.jpg,Rp239.900,33,100,1,"- Blouse basic lengan pendek
- Regular fit
- Detail leher bulat dan plakat full renda
- Kancing depan
- Material polycotton, tidak transparan, ringan dan tidak stretch
- Warna soft blue
- Tinggi model 165cm, mengenakan ukuran M
Lingkar dada x Panjang Lengan x Panjang Blouse
- S (90cm x 19cm x 61cm)
- M (96cm x 19cm x 62cm)
- L (102cm x 20cm x 63cm)
- XL (108cm x 21cm x 64cm)
- XXL ( 114cm x 21cm x 65cm)
NOTE PENTING :
1. Produk 100% baru (Tidak pernah dipakai).
2. Tidak menerima penukaran size apabila sudah sesuai pesanan.
3. Toleransi pengukuran produk kurang lebih 2cm.
4. Jika produk yang diterima bermasalah (Reject, Bernoda/tidak sesuai pesanan) silahkan komplain chat personal ke admin dan pastikan tidak melakukan penilaian terhadap produk agar komplain bisa diproses.
5. Semua komplain wajib menyertakan video Unboxing paket dari awal sebelum buka paket sampai pengecekan produk.
6. Maksimal komplain 1x24 jam dari terima barang."
FAME - Celana Kulot Wanita Sage Green - 9410558,https://images.tokopedia.net/img/cache/300-square/hDjmkQ/2023/9/21/fb21651b-1648-4d27-bb57-d652ac0918ab.jpg,Rp249.900,36,100,1,"- Celana kulot panjang
- Regular fit
- Detail ruffle dibagian pinggang
- Pinggang bagian belakang fully elastic
- Material poliester, tidak transparan, dan tidak stretch
- Warna sage green
- Set croptop 9221570
- Tinggi model 165cm, mengenakan size M
Lingkar Pinggang x Panjang Celana
- S (66-90cm x 99cm)
- M (68-94cm x 100cm)
- L (70-98cm x 102cm)
- XL (76-106cm x 103cm)
NOTE PENTING :
1. Produk 100% baru (Tidak pernah dipakai).
2. Tidak menerima penukaran size apabila sudah sesuai pesanan.
3. Toleransi pengukuran produk kurang lebih 2cm.
4. Jika produk yang diterima bermasalah (Reject, Bernoda/tidak sesuai pesanan) silahkan komplain chat personal ke admin dan pastikan tidak melakukan penilaian terhadap produk agar komplain bisa diproses.
5. Semua komplain wajib menyertakan video Unboxing paket dari awal sebelum buka paket sampai pengecekan produk.
6. Maksimal komplain 1x24 jam dari terima barang."
FAME - Kemeja Wanita Lengan Panjang Putih - 9211794,https://images.tokopedia.net/img/cache/300-square/hDjmkQ/2023/9/21/3383c031-d558-4e0c-bf72-49dfb5c2b0ca.jpg,Rp269.900,32,0,0,"- Kemeja basic
- Lengan panjang
- Kerah kemeja
- Kancing depan
- Regular fit
- Warna putih
- Detail ruffle dibagian manset
- Material katun, tidak transparan, dan tidak stretch
- Tinggi model 165cm, mengenakan size M
Lingkar Dada x Panjang Lengan x Panjang Kemeja
- S (92cm x 55cm x 65cm)
- M (98cm x 56cm x 66cm)
- L (104cm x 57cm x 67cm)
- XL (110cm x 57cm x 68cm)
- XXL (116cm x 57cm x 69cm)
NOTE PENTING :
1. Produk 100% baru (Tidak pernah dipakai).
2. Tidak menerima penukaran size apabila sudah sesuai pesanan.
3. Toleransi pengukuran produk kurang lebih 2cm.
4. Jika produk yang diterima bermasalah (Reject, Bernoda/tidak sesuai pesanan) silahkan komplain chat personal ke admin dan pastikan tidak melakukan penilaian terhadap produk agar komplain bisa diproses.
5. Semua komplain wajib menyertakan video Unboxing paket dari awal sebelum buka paket sampai pengecekan produk.
6. Maksimal komplain 1x24 jam dari terima barang."
FAME - Blouse Wanita Lengan Pendek Broken White - 9221487,https://images.tokopedia.net/img/cache/300-square/hDjmkQ/2023/9/21/9c09da48-4535-4ba5-8e39-fe6411f6f6b5.jpg,Rp159.900,57,100,2,"- Blouse V-neck dengan detail dasi
- Lengan pendek
- Regular fit
- Material woolpeach, tidak transparan, dan tidak stretch
- Warna broken white
- Tinggi model 165cm, mengenakan size M
Lingkar Dada x Panjang Lengan x Panjang Blouse
- S (90cm x 16cm x 59cm)
- M (96cm x 17cm x 60cm)
- L (102cm x 18cm x 62cm)
NOTE PENTING :
1. Produk 100% baru (Tidak pernah dipakai).
2. Tidak menerima penukaran size apabila sudah sesuai pesanan.
3. Toleransi pengukuran produk kurang lebih 2cm.
4. Jika produk yang diterima bermasalah (Reject, Bernoda/tidak sesuai pesanan) silahkan komplain chat personal ke admin dan pastikan tidak melakukan penilaian terhadap produk agar komplain bisa diproses.
5. Semua komplain wajib menyertakan video Unboxing paket dari awal sebelum buka paket sampai pengecekan produk.
6. Maksimal komplain 1x24 jam dari terima barang."
FAME - Celana Panjang Wanita Khaki - 9410554,https://images.tokopedia.net/img/cache/300-square/hDjmkQ/2023/9/21/e81e75f9-520a-4eea-9de3-e51f4b589a05.jpg,Rp339.900,31,0,0,"- Celana panjang untuk basic style
- Warna Khaki
- Skinny fit
- Kancing dan resleting depan
- Saku dibagian kanan dan kiri
- Material cotton twill stretch tidak transparan, ringan dan stretch
- Tinggi model 165cm, mengenakan ukuran M
Lingkar Pinggang x Panjang Celana
- S (70cm x 89cm)
- M (74cm x 89cm)
- L (78cm x 91cm)
- XL (82cm x 91cm)
- XXL (Up to 98cm (dilengkapi karet) x 91cm)
NOTE PENTING :
1. Produk 100% baru (Tidak pernah dipakai).
2. Tidak menerima penukaran size apabila sudah sesuai pesanan.
3. Toleransi pengukuran produk kurang lebih 2cm.
4. Jika produk yang diterima bermasalah (Reject, Bernoda/tidak sesuai pesanan) silahkan komplain chat personal ke admin dan pastikan tidak melakukan penilaian terhadap produk agar komplain bisa diproses.
5. Semua komplain wajib menyertakan video Unboxing paket dari awal sebelum buka paket sampai pengecekan produk.
6. Maksimal komplain 1x24 jam dari terima barang."
FAME - Blouse Wanita Lengan Pendek Print Floral Light Grey - 9221562,https://images.tokopedia.net/img/cache/300-square/hDjmkQ/2023/9/21/255d8416-b719-4ac5-b424-0064342ba5ff.jpg,Rp179.900,51,0,0,"- Blouse print motif floral
- Lengan pendek
- Kerah bulat ruffle
- Kancing depan full
- Regular fit
- Warna abu-abu muda
- Material polycotton print, tidak transparan, dan tidak stretch
- Tinggi model 165cm, mengenakan ukuran M
Lingkar Dada x Panjang Lengan x Panjang Blouse
- S (92cm x 19cm x 63cm)
- M (98cm x 20cm x 64cm)
- L (104cm x 21cm x 65cm)
- XL (110cm x 22cm x 66cm)
NOTE PENTING :
1. Produk 100% baru (Tidak pernah dipakai).
2. Tidak menerima penukaran size apabila sudah sesuai pesanan.
3. Toleransi pengukuran produk kurang lebih 2cm.
4. Jika produk yang diterima bermasalah (Reject, Bernoda/tidak sesuai pesanan) silahkan komplain chat personal ke admin dan pastikan tidak melakukan penilaian terhadap produk agar komplain bisa diproses.
5. Semua komplain wajib menyertakan video Unboxing paket dari awal sebelum buka paket sampai pengecekan produk.
6. Maksimal komplain 1x24 jam dari terima barang."
FAME - Celana Panjang Wanita Dark Grey - 9410553,https://images.tokopedia.net/img/cache/300-square/hDjmkQ/2023/9/21/d53ab64d-b675-4895-a0e5-cb3b6a78066a.jpg,Rp339.900,31,0,0,"- Celana panjang dark tone untuk basic style
- Warna dark grey
- Skinny fit
- Kancing dan resleting depan
- Saku dibagian kanan dan kiri
- Material cotton twill stretch, tidak transparan, ringan dan stretch
- Tinggi model 165cm, mengenakan ukuran M
Lingkar Pinggang x Panjang Celana
- S (70cm x 89cm)
- M (74cm x 89cm)
- L (78cm x 91cm)
- XL (82cm x 91cm)
- XXL (Up to 98cm (dilengkapi karet) x 91cm)
NOTE PENTING :
1. Produk 100% baru (Tidak pernah dipakai).
2. Tidak menerima penukaran size apabila sudah sesuai pesanan.
3. Toleransi pengukuran produk kurang lebih 2cm.
4. Jika produk yang diterima bermasalah (Reject, Bernoda/tidak sesuai pesanan) silahkan komplain chat personal ke admin dan pastikan tidak melakukan penilaian terhadap produk agar komplain bisa diproses.
5. Semua komplain wajib menyertakan video Unboxing paket dari awal sebelum buka paket sampai pengecekan produk.
6. Maksimal komplain 1x24 jam dari terima barang."
FAME - Atasan Tanktop Ribbon Hitam - 9221557,https://images.tokopedia.net/img/cache/300-square/VqbcmM/2023/8/24/cda647b4-6306-46d6-8f56-08ac6eb82bc3.jpg,Rp189.900,30,0,0,"- Atasan tanpa lengan
- Detail kerah bulat dan pita
- Regular fit
- Warna hitam
- Material polycrinkle, tidak transparant, sedikit stretch, dan ringan
- Tinggi model 172cm, mengenakan ukuran M
Lingkar Dada x Panjang Tank Top
- S (86cm x 53cm)
- M (92cm x 54cm)
- L (98cm x 55cm)
- XL (104cm x 56cm)
NOTE PENTING :
1. Produk 100% baru (Tidak pernah dipakai).
2. Tidak menerima penukaran size apabila sudah sesuai pesanan.
3. Toleransi pengukuran produk kurang lebih 2cm.
4. Jika produk yang diterima bermasalah (Reject, Bernoda/tidak sesuai pesanan) silahkan komplain chat personal ke admin Tokopedia dan pastikan tidak melakukan penilaian terhadap produk agar komplain bisa diproses.
5. Semua complain wajib menyertakan video Unboxing paket dari awal sebelum buka paket sampai pengecekan produk.
6. Maksimal komplain 1x24 jam dari terima barang."
FAME - Atasan Tanktop Ribbon Wanita Broken White - 9221556,https://images.tokopedia.net/img/cache/300-square/VqbcmM/2023/8/24/ce1f9ae9-0ee9-4fe3-a3d2-8e808398cda9.jpg,Rp189.900,30,0,0,"- Atasan tanpa lengan
- Detail kerah bulat dan pita
- Regular fit
- Warna broken white
- Material polycrinkle, tidak transparant, sedikit stretch, dan ringan
- Tinggi model 170cm, mengenakan ukuran M
Lingkar Dada x Panjang Tank Top
- S (86cm x 53cm)
- M (92cm x 54cm)
- L (98cm x 55cm)
- XL (104cm x 56cm)
NOTE PENTING :
1. Produk 100% baru (Tidak pernah dipakai).
2. Tidak menerima penukaran size apabila sudah sesuai pesanan.
3. Toleransi pengukuran produk kurang lebih 2cm.
4. Jika produk yang diterima bermasalah (Reject, Bernoda/tidak sesuai pesanan) silahkan komplain chat personal ke admin Tokopedia dan pastikan tidak melakukan penilaian terhadap produk agar komplain bisa diproses.
5. Semua complain wajib menyertakan video Unboxing paket dari awal sebelum buka paket sampai pengecekan produk.
6. Maksimal komplain 1x24 jam dari terima barang."
FAME - Blouse Wanita Lengan Pita 7/8 Sage Green - 9211787,https://images.tokopedia.net/img/cache/300-square/VqbcmM/2023/8/22/25938330-30e4-40cf-b7db-fb9a0fe6ea19.jpg,Rp259.900,33,0,0,"- Ruffle neck blouse
- Kancing Depan
- Lengan ⅞
- Detail lengan pita
- Regular fit
- Warna Sage Green
- Material polyester, tidak transparant, dan tidak stretch
- Tinggi model 172cm, mengenakan ukuran M
Lingkar Dada x Panjang Lengan x Panjang Blouse
- S (89cm x 36cm x 59cm)
- M (95cm x 36cm x 60cm)
- L (101cm x 37cm x 62cm)
- XL (107cm x 37cm x 63cm)
NOTE PENTING :
1. Produk 100% baru (Tidak pernah dipakai).
2. Tidak menerima penukaran size apabila sudah sesuai pesanan.
3. Toleransi pengukuran produk kurang lebih 2cm.
4. Jika produk yang diterima bermasalah (Reject, Bernoda/tidak sesuai pesanan) silahkan komplain chat personal ke admin Tokopedia dan pastikan tidak melakukan penilaian terhadap produk agar komplain bisa diproses.
5. Semua complain wajib menyertakan video Unboxing paket dari awal sebelum buka paket sampai pengecekan produk.
6. Maksimal komplain 1x24 jam dari terima barang."
FAME - Blouse Wanita Lengan Pita 7/8 Broken White - 9211786,https://images.tokopedia.net/img/cache/300-square/VqbcmM/2023/8/22/e0e68e15-fe5e-4ff3-99c3-adc7b11af12f.jpg,Rp259.900,33,90,2,"- Ruffle neck blouse
- Kancing Depan
- Lengan ⅞
- Detail lengan pita
- Regular fit
- Warna Broken White
- Material polyester, tidak transparant, dan tidak stretch
- Tinggi model 172cm, mengenakan ukuran M
Lingkar Dada x Panjang Lengan x Panjang Blouse
- S (89cm x 36cm x 59cm)
- M (95cm x 36cm x 60cm)
- L (101cm x 37cm x 62cm)
- XL (107cm x 37cm x 63cm)
NOTE PENTING :
1. Produk 100% baru (Tidak pernah dipakai).
2. Tidak menerima penukaran size apabila sudah sesuai pesanan.
3. Toleransi pengukuran produk kurang lebih 2cm.
4. Jika produk yang diterima bermasalah (Reject, Bernoda/tidak sesuai pesanan) silahkan komplain chat personal ke admin Tokopedia dan pastikan tidak melakukan penilaian terhadap produk agar komplain bisa diproses.
5. Semua complain wajib menyertakan video Unboxing paket dari awal sebelum buka paket sampai pengecekan produk.
6. Maksimal komplain 1x24 jam dari terima barang."
FAME - Blouse Wanita Lengan Pendek Dusty Pink - 9221566,https://images.tokopedia.net/img/cache/300-square/VqbcmM/2023/8/22/4239e71e-5e83-4bd8-b17d-48b0791d490a.jpg,Rp239.900,33,100,1,"- Blouse basic lengan pendek
- Regular fit
- Detail leher bulat dan plakat full renda
- Kancing depan
- Material polycotton, tidak transparan, ringan dan tidak stretch
- Warna dusty pink
- Tinggi model 172cm, mengenakan ukuran M
Lingkar dada x Panjang Lengan x Panjang Blouse
- S (90cm x 19cm x 58cm)
- M (96cm x 19cm x 59cm)
- L (102cm x 21cm x 60cm)
- XL (108cm x 21cm x 61cm)
NOTE PENTING :
1. Produk 100% baru (Tidak pernah dipakai).
2. Tidak menerima penukaran size apabila sudah sesuai pesanan.
3. Toleransi pengukuran produk kurang lebih 2cm.
4. Jika produk yang diterima bermasalah (Reject, Bernoda/tidak sesuai pesanan) silahkan komplain chat personal ke admin Tokopedia dan pastikan tidak melakukan penilaian terhadap produk agar komplain bisa diproses.
5. Semua complain wajib menyertakan video Unboxing paket dari awal sebelum buka paket sampai pengecekan produk.
6. Maksimal komplain 1x24 jam dari terima barang."
FAME - Kemeja Wanita Basic Lengan Pendek Pink - 9221560,https://images.tokopedia.net/img/cache/300-square/VqbcmM/2023/8/22/beab17f0-c893-4ba4-b00e-491d715d13c6.jpg,Rp239.900,35,0,0,"- Kemeja basic
- Lengan pendek
- Kerah kemeja
- Kancing depan
- Regular fit
- Warna pink
- Material polycotton, tidak transparan, dan tidak stretch
- Tinggi model 172cm, mengenakan ukuran M
Lingkar Dada x Panjang Lengan x Panjang Kemeja
- S (92cm x 18cm x 61cm)
- M (98cm x 19cm x 62cm)
- L (104cm x 20cm x 64cm)
- XL (110cm x 21cm x 65cm)
- XXL (116 x 22cm x 66cm)
NOTE PENTING :
1. Produk 100% baru (Tidak pernah dipakai).
2. Tidak menerima penukaran size apabila sudah sesuai pesanan.
3. Toleransi pengukuran produk kurang lebih 2cm.
4. Jika produk yang diterima bermasalah (Reject, Bernoda/tidak sesuai pesanan) silahkan komplain chat personal ke admin Tokopedia dan pastikan tidak melakukan penilaian terhadap produk agar komplain bisa diproses.
5. Semua complain wajib menyertakan video Unboxing paket dari awal sebelum buka paket sampai pengecekan produk.
6. Maksimal komplain 1x24 jam dari terima barang."
FAME - Kemeja Wanita Lengan Panjang Soft Blue - 9211792,https://images.tokopedia.net/img/cache/300-square/VqbcmM/2023/8/22/abc2de2f-be51-44f4-9391-31b2309ad3ca.jpg,Rp249.900,37,90,2,"- Kemeja basic lengan panjang
- Regular fit
- Kerah kemeja
- Kancing depan dengan detail renda
- Material polycotton, tidak transparan, ringan dan tidak stretch
- Warna soft blue
- Tinggi model 172cm, mengenakan ukuran M
Lingkar Dada x Panjang Lengan x Panjang Kemeja
- S (90cm x 54cm x 62cm)
- M (96cm x 54cm x 63cm)
- L (102cm x 55cm x 64cm)
- XL (106cm x 55cm x 65cm)
- XXL (112cm x 56cm x 66cm)
NOTE PENTING :
1. Produk 100% baru (Tidak pernah dipakai).
2. Tidak menerima penukaran size apabila sudah sesuai pesanan.
3. Toleransi pengukuran produk kurang lebih 2cm.
4. Jika produk yang diterima bermasalah (Reject, Bernoda/tidak sesuai pesanan) silahkan komplain chat personal ke admin Tokopedia dan pastikan tidak melakukan penilaian terhadap produk agar komplain bisa diproses.
5. Semua complain wajib menyertakan video Unboxing paket dari awal sebelum buka paket sampai pengecekan produk.
6. Maksimal komplain 1x24 jam dari terima barang."
FAME - Kemeja Wanita Lengan Panjang Dusty Pink - 9211782,https://images.tokopedia.net/img/cache/300-square/VqbcmM/2023/8/22/605728b2-2b43-4ad4-87c4-e701885ef5e8.jpg,Rp259.900,33,100,1,"- Kemeja basic
- Lengan panjang
- Kerah kemeja
- Kancing depan
- Detail tali pinggang
- Detail lengan skoder
- Loose fit
- Warna dusty pink
- Material polycotton, tidak transparan, dan tidak stretch
- Tinggi model 172cm, mengenakan ukuran M
Lingkar Dada x Panjang Lengan x Panjang Kemeja
- S (94cm x 56cm x 72cm)
- M (100cm x 56cm x 74cm)
- L (106cm x 57cm x 76cm)
- XL (112cm x 57cm x 78cm)
- XXL (118cm x 57cm x 79cm)
NOTE PENTING :
1. Produk 100% baru (Tidak pernah dipakai).
2. Tidak menerima penukaran size apabila sudah sesuai pesanan.
3. Toleransi pengukuran produk kurang lebih 2cm.
4. Jika produk yang diterima bermasalah (Reject, Bernoda/tidak sesuai pesanan) silahkan komplain chat personal ke admin Tokopedia dan pastikan tidak melakukan penilaian terhadap produk agar komplain bisa diproses.
5. Semua complain wajib menyertakan video Unboxing paket dari awal sebelum buka paket sampai pengecekan produk.
6. Maksimal komplain 1x24 jam dari terima barang."
FAME - Kemeja Wanita Lengan Panjang Soft Blue - 9211788,https://images.tokopedia.net/img/cache/300-square/VqbcmM/2023/8/22/8ca92806-f055-4fa3-b6e4-7ccd4e54b8e7.jpg,Rp259.900,33,0,0,"- Kemeja basic polos
- Lengan panjang
- Kerah kemeja
- Kancing depan
- Detail tali pinggang
- Detail lengan skoder
- Loose fit
- Warna biru muda
- Material polycotton, tidak transparan, dan tidak stretch
- Tinggi model 172cm, mengenakan ukuran M
Lingkar Dada x Panjang Lengan x Panjang Kemeja
- S (94cm x 56cm x 72cm)
- M (100cm x 56cm x 74cm)
- L (106cm x 57cm x 76cm)
- XL (112cm x 57cm x 78cm)
- XXL (118cm x 57cm x 79cm)
NOTE PENTING :
1. Produk 100% baru (Tidak pernah dipakai).
2. Tidak menerima penukaran size apabila sudah sesuai pesanan.
3. Toleransi pengukuran produk kurang lebih 2cm.
4. Jika produk yang diterima bermasalah (Reject, Bernoda/tidak sesuai pesanan) silahkan komplain chat personal ke admin Tokopedia dan pastikan tidak melakukan penilaian terhadap produk agar komplain bisa diproses.
5. Semua complain wajib menyertakan video Unboxing paket dari awal sebelum buka paket sampai pengecekan produk.
6. Maksimal komplain 1x24 jam dari terima barang."
FAME - Gamis Wanita Hitam - 9911036,https://images.tokopedia.net/img/cache/300-square/hDjmkQ/2023/7/12/09346060-34d8-459e-ae39-dc9ed66b58b3.jpg,Rp199.900,78,0,0,"- Tunik dengan aksen lace-up
- Warna Hitam
- Kerah bulat
- Unlined
- Regular fit
- Resleting belakang
- Material poliester tidak transparan, ringan dan tidak stretch
- Tinggi model 177cm, lingkar dada 78cm, mengenakan ukuran M
Lingkar dada x panjang
M (96cm x 132cm)
L (100cm x 133cm)
XL (104cm x 134cm)
XXL (108cm x 135cm)
NOTE PENTING :
1. Produk 100% baru (Tidak pernah dipakai).
2. Tidak menerima penukaran size apabila sudah sesuai pesanan.
3. Toleransi pengukuran produk kurang lebih 2cm.
4. Jika produk yang diterima bermasalah (Reject, Bernoda/tidak sesuai pesanan) silahkan complain chat personal ke admin Tokopedia dan pastikan tidak melakukan penilaian terhadap produk agar complain bisa diproses.
5. Semua complain wajib menyertakan video Unboxing paket dari awal sebelum buka paket sampai pengecekan produk.
6. Maksimal komplain 1x24 jam dari terima barang."
FAME - Blouse Wanita Lengan Pendek Fuchsia - 9240067,https://images.tokopedia.net/img/cache/300-square/hDjmkQ/2023/7/12/ec62cbdd-7800-4ecc-93c6-a80157e01e6b.jpg,Rp109.900,68,0,0,"- Blouse lengan pendek
- Kerah kemeja detail ruffle
- Kancing depan
- Regular fit
- Warna Fuchsia
- Material sifon, ringan, sedikit transparan, tidak stretch
- Tinggi model 175cm, mengenakan ukuran M
Lingkar dada x Panjang Lengan x Panjang Atasan
- S (84cm x 14cm x 56cm)
- M (90cm x 14cm x 57cm)
- L (96cm x 14cm x 59cm)
- XL (102cm x 14cm x 60cm)
NOTE PENTING :
1. Produk 100% baru (Tidak pernah dipakai).
2. Tidak menerima penukaran size apabila sudah sesuai pesanan.
3. Toleransi pengukuran produk kurang lebih 2cm.
4. Jika produk yang diterima bermasalah (Reject, Bernoda/tidak sesuai pesanan) silahkan complain chat personal ke admin Tokopedia dan pastikan tidak melakukan penilaian terhadap produk agar complain bisa diproses.
5. Semua complain wajib menyertakan video Unboxing paket dari awal sebelum buka paket sampai pengecekan produk.
6. Maksimal komplain 1x24 jam dari terima barang."
FAME - Kemeja Wanita Lengan Panjang Hitam - 9211776,https://images.tokopedia.net/img/cache/300-square/VqbcmM/2023/6/22/33fa0cc0-4803-4fa6-a395-f948bdece6e0.jpg,Rp249.900,37,100,2,"- Kemeja lengan panjang
- Regular fit
- Kancing depan full dengan detail renda
- Warna hitam
- Kerah kemeja
- Detail puff lengan atas
- Detail kupnat dibagian dada
- Material Pollycotton (tidak stretch)
- Tinggi model 170cm, mengenakan ukuran M
Lingkar Dada x Panjang Lengan x Panjang Kemeja
- S (90cm x 54cm x 62cm)
- M (96cm x 54cm x 63cm)
- L (102cm x 55cm x 64cm)
- XL (106cm x 55cm x 65cm)
NOTE PENTING :
1. Produk 100% baru (Tidak pernah dipakai).
2. Tidak menerima penukaran size apabila sudah sesuai pesanan.
3. Toleransi pengukuran produk kurang lebih 2cm.
4. Jika produk yang diterima bermasalah (Reject, Bernoda/tidak sesuai pesanan) silahkan komplain chat personal ke admin Tokopedia dan pastikan tidak melakukan penilaian terhadap produk agar complain bisa diproses.
5. Semua complain wajib menyertakan video Unboxing paket dari awal sebelum buka paket sampai pengecekan produk.
6. Maksimal complain 1x24 jam dari terima barang."
FAME - Kemeja Wanita Basic Lengan Pendek Putih - 9221555,https://images.tokopedia.net/img/cache/300-square/VqbcmM/2023/6/20/09a8a86b-5ceb-4ad1-b2f3-a362b19c1c97.jpg,Rp369.800,0,88,5,"- Kemeja basic
- Lengan pendek
- Kerah kemeja
- Kancing depan
- Regular fit
- Detail kupnat dada
- Warna putih
- Material polycotton, tidak transparan, dan tidak stretch
- Tinggi model 172cm, mengenakan ukuran M
Lingkar Dada x Panjang Lengan x Panjang Kemeja
- S (92cm x 18cm x 61cm)
- M (98cm x 19cm x 62cm)
- L (104cm x 20cm x 64cm)
- XL (110cm x 21cm x 65cm)
- XXL (116 x 22cm x 66cm)
NOTE PENTING :
1. Produk 100% baru (Tidak pernah dipakai).
2. Tidak menerima penukaran size apabila sudah sesuai pesanan.
3. Toleransi pengukuran produk kurang lebih 2cm.
4. Jika produk yang diterima bermasalah (Reject, Bernoda/tidak sesuai pesanan) silahkan complain chat personal ke admin Tokopedia dan pastikan tidak melakukan penilaian terhadap produk agar complain bisa diproses.
5. Semua complain wajib menyertakan video Unboxing paket dari awal sebelum buka paket sampai pengecekan produk.
6. Maksimal complain 1x24 jam dari terima barang."
FAME - Blouse Wanita Lengan Pendek Hitam - 9221554,https://images.tokopedia.net/img/cache/300-square/VqbcmM/2023/6/20/70112ae2-47b6-4d9e-9f42-39259336d060.jpg,Rp369.800,0,100,1,"- Blouse lengan pendek
- Detail leher bulat dan plakat full renda
- Kancing depan
- Lengan sedikit puffy
- Material polycotton, tidak transparan, ringan dan tidak stretch
- Warna hitam
- Tinggi model 170cm, mengenakan ukuran M
Lingkar Dada x Panjang Lengan x Panjang Kemeja
- S (90cm x 17cm x 58cm)
- M (96cm x 18cm x 59cm)
- L (102cm x 19cm x 60cm)
- XL (108cm x 20cm x 61cm)
NOTE PENTING :
1. Produk 100% baru (Tidak pernah dipakai).
2. Tidak menerima penukaran size apabila sudah sesuai pesanan.
3. Toleransi pengukuran produk kurang lebih 2cm.
4. Jika produk yang diterima bermasalah (Reject, Bernoda/tidak sesuai pesanan) silahkan komplain chat personal ke admin Tokopedia dan pastikan tidak melakukan penilaian terhadap produk agar complain bisa diproses.
5. Semua complain wajib menyertakan video Unboxing paket dari awal sebelum buka paket sampai pengecekan produk.
6. Maksimal complain 1x24 jam dari terima barang."
